torch=2.13.0 /Users/0z5a/Documents/infra/looped-grpo-integration-20261003/.venv/lib/python3.12/site-packages/torch/__init__.py
setuptools=84.0.0 /Users/0z5a/Documents/infra/looped-grpo-integration-20261003/.venv/lib/python3.12/site-packages/setuptools/__init__.py
============================= test session starts ==============================
platform darwin -- Python 3.12.14, pytest-9.1.1, pluggy-1.6.0
rootdir: /Users/0z5a/Documents/infra/flashrlt-20261005/vime
configfile: pyproject.toml
plugins: platformdirs-4.12.2, anyio-4.15.1
collected 32 items

tests/test_native_qualification_chain.py EEEEEEEEEEEEE                   [ 40%]
tests/test_native_checkpoint_audit.py ...................                [100%]

==================================== ERRORS ====================================
___ ERROR at setup of test_complete_cli_reopens_all_evidence[learning-grpo] ____
tests/test_native_qualification_chain.py:83: in chain
    replace_digest(run, step, digest)
tests/test_native_qualification_chain.py:32: in replace_digest
    sample["recurrent_inputs"].publication_digest = digest
    ^^^^^^^^^^^^^^^^^^^^^^^^^^^^^^^^^^^^^^^^^^^^^
<string>:4: in __setattr__
    ???
E   dataclasses.FrozenInstanceError: cannot assign to field 'publication_digest'
------------------------------ Captured log setup ------------------------------
DEBUG    c10d-NullHandler-dcp_logger:logger.py:86 {'checkpoint_id': '/private/var/folders/12/3pb2615n5wddcr6spjcz8_pw0000gn/T/pytest-of-0z5a/pytest-317/test_complete_cli_reopens_all_0/signals-0/run/checkpoints/actor/iter_0000000', 'uuid': '317108236566389271167012082132877789922', 'planner': 'DefaultSavePlanner', 'func_name': 'save', 'event': 'start', 'time': 1791215203037094000, 'log_exceptions': True}
DEBUG    c10d-NullHandler-dcp_logger:logger.py:86 {'checkpoint_id': None, 'uuid': '299558243151201039282371987229995744411', 'func_name': '_stateful_to_state_dict', 'event': 'start', 'time': 1791215203048291000, 'log_exceptions': True}
DEBUG    c10d-NullHandler-dcp_logger:logger.py:86 {'checkpoint_id': None, 'uuid': '175849409067425899101412354669837330628', 'func_name': '_stateful_to_state_dict.model.weight', 'event': 'start', 'time': 1791215203048383000, 'log_exceptions': True}
DEBUG    c10d-NullHandler-dcp_logger:logger.py:104 {'checkpoint_id': None, 'uuid': '175849409067425899101412354669837330628', 'func_name': '_stateful_to_state_dict.model.weight', 'event': 'end', 'time': 1791215203048461000, 'log_exceptions': True, 'times_spent': 78000}
DEBUG    c10d-NullHandler-dcp_logger:logger.py:86 {'checkpoint_id': None, 'uuid': '181551833403542222653350440302646531375', 'func_name': '_stateful_to_state_dict.optimizer.state.exp_avg.model.weight', 'event': 'start', 'time': 1791215203048507000, 'log_exceptions': True}
DEBUG    c10d-NullHandler-dcp_logger:logger.py:104 {'checkpoint_id': None, 'uuid': '181551833403542222653350440302646531375', 'func_name': '_stateful_to_state_dict.optimizer.state.exp_avg.model.weight', 'event': 'end', 'time': 1791215203048538000, 'log_exceptions': True, 'times_spent': 30000}
DEBUG    c10d-NullHandler-dcp_logger:logger.py:86 {'checkpoint_id': None, 'uuid': '39964764716875020018803162364315888408', 'func_name': '_stateful_to_state_dict.optimizer.state.exp_avg_sq.model.weight', 'event': 'start', 'time': 1791215203048569000, 'log_exceptions': True}
DEBUG    c10d-NullHandler-dcp_logger:logger.py:104 {'checkpoint_id': None, 'uuid': '39964764716875020018803162364315888408', 'func_name': '_stateful_to_state_dict.optimizer.state.exp_avg_sq.model.weight', 'event': 'end', 'time': 1791215203048599000, 'log_exceptions': True, 'times_spent': 30000}
DEBUG    c10d-NullHandler-dcp_logger:logger.py:86 {'checkpoint_id': None, 'uuid': '141103823113408459961559477320144124977', 'func_name': '_stateful_to_state_dict.rng_state/shard_0.0_1.1', 'event': 'start', 'time': 1791215203048638000, 'log_exceptions': True}
DEBUG    c10d-NullHandler-dcp_logger:logger.py:104 {'checkpoint_id': None, 'uuid': '141103823113408459961559477320144124977', 'func_name': '_stateful_to_state_dict.rng_state/shard_0.0_1.1', 'event': 'end', 'time': 1791215203048667000, 'log_exceptions': True, 'times_spent': 29000}
DEBUG    c10d-NullHandler-dcp_logger:logger.py:104 {'checkpoint_id': None, 'uuid': '299558243151201039282371987229995744411', 'func_name': '_stateful_to_state_dict', 'event': 'end', 'time': 1791215203048684000, 'log_exceptions': True, 'times_spent': 393000}
DEBUG    c10d-NullHandler-dcp_logger:logger.py:86 {'checkpoint_id': '/private/var/folders/12/3pb2615n5wddcr6spjcz8_pw0000gn/T/pytest-of-0z5a/pytest-317/test_complete_cli_reopens_all_0/signals-0/run/checkpoints/actor/iter_0000000', 'uuid': '98112468358284479377356446434348975919', 'func_name': 'local_step', 'event': 'start', 'time': 1791215203048725000, 'log_exceptions': False}
DEBUG    c10d-NullHandler-dcp_logger:logger.py:104 {'checkpoint_id': '/private/var/folders/12/3pb2615n5wddcr6spjcz8_pw0000gn/T/pytest-of-0z5a/pytest-317/test_complete_cli_reopens_all_0/signals-0/run/checkpoints/actor/iter_0000000', 'uuid': '98112468358284479377356446434348975919', 'func_name': 'local_step', 'event': 'end', 'time': 1791215203049796000, 'log_exceptions': False, 'times_spent': 1071000}
DEBUG    c10d-NullHandler-dcp_logger:logger.py:86 {'checkpoint_id': '/private/var/folders/12/3pb2615n5wddcr6spjcz8_pw0000gn/T/pytest-of-0z5a/pytest-317/test_complete_cli_reopens_all_0/signals-0/run/checkpoints/actor/iter_0000000', 'uuid': '266130191237581774815310993441387990190', 'func_name': 'global_step', 'event': 'start', 'time': 1791215203049859000, 'log_exceptions': False}
DEBUG    c10d-NullHandler-dcp_logger:logger.py:104 {'checkpoint_id': '/private/var/folders/12/3pb2615n5wddcr6spjcz8_pw0000gn/T/pytest-of-0z5a/pytest-317/test_complete_cli_reopens_all_0/signals-0/run/checkpoints/actor/iter_0000000', 'uuid': '266130191237581774815310993441387990190', 'func_name': 'global_step', 'event': 'end', 'time': 1791215203049936000, 'log_exceptions': False, 'times_spent': 77000}
DEBUG    c10d-NullHandler-dcp_logger:logger.py:86 {'checkpoint_id': '/private/var/folders/12/3pb2615n5wddcr6spjcz8_pw0000gn/T/pytest-of-0z5a/pytest-317/test_complete_cli_reopens_all_0/signals-0/run/checkpoints/actor/iter_0000000', 'uuid': '312656630847973138862524536847773494453', 'func_name': 'write_data', 'event': 'start', 'time': 1791215203049966000, 'log_exceptions': False}
DEBUG    c10d-NullHandler-dcp_logger:logger.py:104 {'checkpoint_id': '/private/var/folders/12/3pb2615n5wddcr6spjcz8_pw0000gn/T/pytest-of-0z5a/pytest-317/test_complete_cli_reopens_all_0/signals-0/run/checkpoints/actor/iter_0000000', 'uuid': '312656630847973138862524536847773494453', 'func_name': 'write_data', 'event': 'end', 'time': 1791215203051820000, 'log_exceptions': False, 'times_spent': 1854000}
DEBUG    c10d-NullHandler-dcp_logger:logger.py:86 {'checkpoint_id': '/private/var/folders/12/3pb2615n5wddcr6spjcz8_pw0000gn/T/pytest-of-0z5a/pytest-317/test_complete_cli_reopens_all_0/signals-0/run/checkpoints/actor/iter_0000000', 'uuid': '159164145851066055073876600034796583323', 'func_name': 'finish_checkpoint', 'event': 'start', 'time': 1791215203051883000, 'log_exceptions': False}
DEBUG    c10d-NullHandler-dcp_logger:logger.py:104 {'checkpoint_id': '/private/var/folders/12/3pb2615n5wddcr6spjcz8_pw0000gn/T/pytest-of-0z5a/pytest-317/test_complete_cli_reopens_all_0/signals-0/run/checkpoints/actor/iter_0000000', 'uuid': '159164145851066055073876600034796583323', 'func_name': 'finish_checkpoint', 'event': 'end', 'time': 1791215203052301000, 'log_exceptions': False, 'times_spent': 418000}
DEBUG    c10d-NullHandler-dcp_logger:logger.py:104 {'checkpoint_id': '/private/var/folders/12/3pb2615n5wddcr6spjcz8_pw0000gn/T/pytest-of-0z5a/pytest-317/test_complete_cli_reopens_all_0/signals-0/run/checkpoints/actor/iter_0000000', 'uuid': '317108236566389271167012082132877789922', 'planner': 'DefaultSavePlanner', 'func_name': 'save', 'event': 'end', 'time': 1791215203052361000, 'log_exceptions': True, 'times_spent': 15267000}
DEBUG    c10d-NullHandler-dcp_logger:logger.py:86 {'checkpoint_id': '/private/var/folders/12/3pb2615n5wddcr6spjcz8_pw0000gn/T/pytest-of-0z5a/pytest-317/test_complete_cli_reopens_all_0/signals-0/run/checkpoints/actor/iter_0000001', 'uuid': '121543411721930433116238362155907944828', 'planner': 'DefaultSavePlanner', 'func_name': 'save', 'event': 'start', 'time': 1791215203054075000, 'log_exceptions': True}
DEBUG    c10d-NullHandler-dcp_logger:logger.py:86 {'checkpoint_id': None, 'uuid': '6663416404561722221656858850009169119', 'func_name': '_stateful_to_state_dict', 'event': 'start', 'time': 1791215203054200000, 'log_exceptions': True}
DEBUG    c10d-NullHandler-dcp_logger:logger.py:86 {'checkpoint_id': None, 'uuid': '107387272169283066790220187087665442467', 'func_name': '_stateful_to_state_dict.model.weight', 'event': 'start', 'time': 1791215203054239000, 'log_exceptions': True}
DEBUG    c10d-NullHandler-dcp_logger:logger.py:104 {'checkpoint_id': None, 'uuid': '107387272169283066790220187087665442467', 'func_name': '_stateful_to_state_dict.model.weight', 'event': 'end', 'time': 1791215203054275000, 'log_exceptions': True, 'times_spent': 36000}
DEBUG    c10d-NullHandler-dcp_logger:logger.py:86 {'checkpoint_id': None, 'uuid': '320181725198913326100756067628963496597', 'func_name': '_stateful_to_state_dict.optimizer.state.exp_avg.model.weight', 'event': 'start', 'time': 1791215203054299000, 'log_exceptions': True}
DEBUG    c10d-NullHandler-dcp_logger:logger.py:104 {'checkpoint_id': None, 'uuid': '320181725198913326100756067628963496597', 'func_name': '_stateful_to_state_dict.optimizer.state.exp_avg.model.weight', 'event': 'end', 'time': 1791215203054315000, 'log_exceptions': True, 'times_spent': 16000}
DEBUG    c10d-NullHandler-dcp_logger:logger.py:86 {'checkpoint_id': None, 'uuid': '300809987049205711464799998695694177443', 'func_name': '_stateful_to_state_dict.optimizer.state.exp_avg_sq.model.weight', 'event': 'start', 'time': 1791215203054336000, 'log_exceptions': True}
DEBUG    c10d-NullHandler-dcp_logger:logger.py:104 {'checkpoint_id': None, 'uuid': '300809987049205711464799998695694177443', 'func_name': '_stateful_to_state_dict.optimizer.state.exp_avg_sq.model.weight', 'event': 'end', 'time': 1791215203054351000, 'log_exceptions': True, 'times_spent': 15000}
DEBUG    c10d-NullHandler-dcp_logger:logger.py:86 {'checkpoint_id': None, 'uuid': '238177567692777971241846868918359067584', 'func_name': '_stateful_to_state_dict.rng_state/shard_0.0_1.1', 'event': 'start', 'time': 1791215203054411000, 'log_exceptions': True}
DEBUG    c10d-NullHandler-dcp_logger:logger.py:104 {'checkpoint_id': None, 'uuid': '238177567692777971241846868918359067584', 'func_name': '_stateful_to_state_dict.rng_state/shard_0.0_1.1', 'event': 'end', 'time': 1791215203054459000, 'log_exceptions': True, 'times_spent': 48000}
DEBUG    c10d-NullHandler-dcp_logger:logger.py:104 {'checkpoint_id': None, 'uuid': '6663416404561722221656858850009169119', 'func_name': '_stateful_to_state_dict', 'event': 'end', 'time': 1791215203054473000, 'log_exceptions': True, 'times_spent': 273000}
DEBUG    c10d-NullHandler-dcp_logger:logger.py:86 {'checkpoint_id': '/private/var/folders/12/3pb2615n5wddcr6spjcz8_pw0000gn/T/pytest-of-0z5a/pytest-317/test_complete_cli_reopens_all_0/signals-0/run/checkpoints/actor/iter_0000001', 'uuid': '154903904879082367278418271181802207151', 'func_name': 'local_step', 'event': 'start', 'time': 1791215203054559000, 'log_exceptions': False}
DEBUG    c10d-NullHandler-dcp_logger:logger.py:104 {'checkpoint_id': '/private/var/folders/12/3pb2615n5wddcr6spjcz8_pw0000gn/T/pytest-of-0z5a/pytest-317/test_complete_cli_reopens_all_0/signals-0/run/checkpoints/actor/iter_0000001', 'uuid': '154903904879082367278418271181802207151', 'func_name': 'local_step', 'event': 'end', 'time': 1791215203054852000, 'log_exceptions': False, 'times_spent': 292000}
DEBUG    c10d-NullHandler-dcp_logger:logger.py:86 {'checkpoint_id': '/private/var/folders/12/3pb2615n5wddcr6spjcz8_pw0000gn/T/pytest-of-0z5a/pytest-317/test_complete_cli_reopens_all_0/signals-0/run/checkpoints/actor/iter_0000001', 'uuid': '72947767906573144334107500678207320607', 'func_name': 'global_step', 'event': 'start', 'time': 1791215203054904000, 'log_exceptions': False}
DEBUG    c10d-NullHandler-dcp_logger:logger.py:104 {'checkpoint_id': '/private/var/folders/12/3pb2615n5wddcr6spjcz8_pw0000gn/T/pytest-of-0z5a/pytest-317/test_complete_cli_reopens_all_0/signals-0/run/checkpoints/actor/iter_0000001', 'uuid': '72947767906573144334107500678207320607', 'func_name': 'global_step', 'event': 'end', 'time': 1791215203054960000, 'log_exceptions': False, 'times_spent': 55000}
DEBUG    c10d-NullHandler-dcp_logger:logger.py:86 {'checkpoint_id': '/private/var/folders/12/3pb2615n5wddcr6spjcz8_pw0000gn/T/pytest-of-0z5a/pytest-317/test_complete_cli_reopens_all_0/signals-0/run/checkpoints/actor/iter_0000001', 'uuid': '238114653514425303612429478200977871763', 'func_name': 'write_data', 'event': 'start', 'time': 1791215203054988000, 'log_exceptions': False}
DEBUG    c10d-NullHandler-dcp_logger:logger.py:104 {'checkpoint_id': '/private/var/folders/12/3pb2615n5wddcr6spjcz8_pw0000gn/T/pytest-of-0z5a/pytest-317/test_complete_cli_reopens_all_0/signals-0/run/checkpoints/actor/iter_0000001', 'uuid': '238114653514425303612429478200977871763', 'func_name': 'write_data', 'event': 'end', 'time': 1791215203055984000, 'log_exceptions': False, 'times_spent': 996000}
DEBUG    c10d-NullHandler-dcp_logger:logger.py:86 {'checkpoint_id': '/private/var/folders/12/3pb2615n5wddcr6spjcz8_pw0000gn/T/pytest-of-0z5a/pytest-317/test_complete_cli_reopens_all_0/signals-0/run/checkpoints/actor/iter_0000001', 'uuid': '298858753918039236821694172627772900658', 'func_name': 'finish_checkpoint', 'event': 'start', 'time': 1791215203056036000, 'log_exceptions': False}
DEBUG    c10d-NullHandler-dcp_logger:logger.py:104 {'checkpoint_id': '/private/var/folders/12/3pb2615n5wddcr6spjcz8_pw0000gn/T/pytest-of-0z5a/pytest-317/test_complete_cli_reopens_all_0/signals-0/run/checkpoints/actor/iter_0000001', 'uuid': '298858753918039236821694172627772900658', 'func_name': 'finish_checkpoint', 'event': 'end', 'time': 1791215203056365000, 'log_exceptions': False, 'times_spent': 329000}
DEBUG    c10d-NullHandler-dcp_logger:logger.py:104 {'checkpoint_id': '/private/var/folders/12/3pb2615n5wddcr6spjcz8_pw0000gn/T/pytest-of-0z5a/pytest-317/test_complete_cli_reopens_all_0/signals-0/run/checkpoints/actor/iter_0000001', 'uuid': '121543411721930433116238362155907944828', 'planner': 'DefaultSavePlanner', 'func_name': 'save', 'event': 'end', 'time': 1791215203056392000, 'log_exceptions': True, 'times_spent': 2317000}
DEBUG    c10d-NullHandler-dcp_logger:logger.py:86 {'checkpoint_id': '/private/var/folders/12/3pb2615n5wddcr6spjcz8_pw0000gn/T/pytest-of-0z5a/pytest-317/test_complete_cli_reopens_all_0/signals-0/run/checkpoints/actor/iter_0000002', 'uuid': '329060292547740289903060335940381646276', 'planner': 'DefaultSavePlanner', 'func_name': 'save', 'event': 'start', 'time': 1791215203057404000, 'log_exceptions': True}
DEBUG    c10d-NullHandler-dcp_logger:logger.py:86 {'checkpoint_id': None, 'uuid': '125885251498847079374993725596466585723', 'func_name': '_stateful_to_state_dict', 'event': 'start', 'time': 1791215203057456000, 'log_exceptions': True}
DEBUG    c10d-NullHandler-dcp_logger:logger.py:86 {'checkpoint_id': None, 'uuid': '48690912559502621297532971148086345513', 'func_name': '_stateful_to_state_dict.model.weight', 'event': 'start', 'time': 1791215203057494000, 'log_exceptions': True}
DEBUG    c10d-NullHandler-dcp_logger:logger.py:104 {'checkpoint_id': None, 'uuid': '48690912559502621297532971148086345513', 'func_name': '_stateful_to_state_dict.model.weight', 'event': 'end', 'time': 1791215203057514000, 'log_exceptions': True, 'times_spent': 20000}
DEBUG    c10d-NullHandler-dcp_logger:logger.py:86 {'checkpoint_id': None, 'uuid': '157560069344656245020698662027492918526', 'func_name': '_stateful_to_state_dict.optimizer.state.exp_avg.model.weight', 'event': 'start', 'time': 1791215203057533000, 'log_exceptions': True}
DEBUG    c10d-NullHandler-dcp_logger:logger.py:104 {'checkpoint_id': None, 'uuid': '157560069344656245020698662027492918526', 'func_name': '_stateful_to_state_dict.optimizer.state.exp_avg.model.weight', 'event': 'end', 'time': 1791215203057547000, 'log_exceptions': True, 'times_spent': 14000}
DEBUG    c10d-NullHandler-dcp_logger:logger.py:86 {'checkpoint_id': None, 'uuid': '17640734669573550433304057793065307558', 'func_name': '_stateful_to_state_dict.optimizer.state.exp_avg_sq.model.weight', 'event': 'start', 'time': 1791215203057563000, 'log_exceptions': True}
DEBUG    c10d-NullHandler-dcp_logger:logger.py:104 {'checkpoint_id': None, 'uuid': '17640734669573550433304057793065307558', 'func_name': '_stateful_to_state_dict.optimizer.state.exp_avg_sq.model.weight', 'event': 'end', 'time': 1791215203057575000, 'log_exceptions': True, 'times_spent': 12000}
DEBUG    c10d-NullHandler-dcp_logger:logger.py:86 {'checkpoint_id': None, 'uuid': '93882453130753094230517019809529013645', 'func_name': '_stateful_to_state_dict.rng_state/shard_0.0_1.1', 'event': 'start', 'time': 1791215203057647000, 'log_exceptions': True}
DEBUG    c10d-NullHandler-dcp_logger:logger.py:104 {'checkpoint_id': None, 'uuid': '93882453130753094230517019809529013645', 'func_name': '_stateful_to_state_dict.rng_state/shard_0.0_1.1', 'event': 'end', 'time': 1791215203057690000, 'log_exceptions': True, 'times_spent': 43000}
DEBUG    c10d-NullHandler-dcp_logger:logger.py:104 {'checkpoint_id': None, 'uuid': '125885251498847079374993725596466585723', 'func_name': '_stateful_to_state_dict', 'event': 'end', 'time': 1791215203057706000, 'log_exceptions': True, 'times_spent': 250000}
DEBUG    c10d-NullHandler-dcp_logger:logger.py:86 {'checkpoint_id': '/private/var/folders/12/3pb2615n5wddcr6spjcz8_pw0000gn/T/pytest-of-0z5a/pytest-317/test_complete_cli_reopens_all_0/signals-0/run/checkpoints/actor/iter_0000002', 'uuid': '246016575713684998357735044246723421991', 'func_name': 'local_step', 'event': 'start', 'time': 1791215203057730000, 'log_exceptions': False}
DEBUG    c10d-NullHandler-dcp_logger:logger.py:104 {'checkpoint_id': '/private/var/folders/12/3pb2615n5wddcr6spjcz8_pw0000gn/T/pytest-of-0z5a/pytest-317/test_complete_cli_reopens_all_0/signals-0/run/checkpoints/actor/iter_0000002', 'uuid': '246016575713684998357735044246723421991', 'func_name': 'local_step', 'event': 'end', 'time': 1791215203058013000, 'log_exceptions': False, 'times_spent': 283000}
DEBUG    c10d-NullHandler-dcp_logger:logger.py:86 {'checkpoint_id': '/private/var/folders/12/3pb2615n5wddcr6spjcz8_pw0000gn/T/pytest-of-0z5a/pytest-317/test_complete_cli_reopens_all_0/signals-0/run/checkpoints/actor/iter_0000002', 'uuid': '261793322523260920819905127213453342400', 'func_name': 'global_step', 'event': 'start', 'time': 1791215203058049000, 'log_exceptions': False}
DEBUG    c10d-NullHandler-dcp_logger:logger.py:104 {'checkpoint_id': '/private/var/folders/12/3pb2615n5wddcr6spjcz8_pw0000gn/T/pytest-of-0z5a/pytest-317/test_complete_cli_reopens_all_0/signals-0/run/checkpoints/actor/iter_0000002', 'uuid': '261793322523260920819905127213453342400', 'func_name': 'global_step', 'event': 'end', 'time': 1791215203058102000, 'log_exceptions': False, 'times_spent': 53000}
DEBUG    c10d-NullHandler-dcp_logger:logger.py:86 {'checkpoint_id': '/private/var/folders/12/3pb2615n5wddcr6spjcz8_pw0000gn/T/pytest-of-0z5a/pytest-317/test_complete_cli_reopens_all_0/signals-0/run/checkpoints/actor/iter_0000002', 'uuid': '279875008464866770082007092158775392462', 'func_name': 'write_data', 'event': 'start', 'time': 1791215203058128000, 'log_exceptions': False}
DEBUG    c10d-NullHandler-dcp_logger:logger.py:104 {'checkpoint_id': '/private/var/folders/12/3pb2615n5wddcr6spjcz8_pw0000gn/T/pytest-of-0z5a/pytest-317/test_complete_cli_reopens_all_0/signals-0/run/checkpoints/actor/iter_0000002', 'uuid': '279875008464866770082007092158775392462', 'func_name': 'write_data', 'event': 'end', 'time': 1791215203058890000, 'log_exceptions': False, 'times_spent': 762000}
DEBUG    c10d-NullHandler-dcp_logger:logger.py:86 {'checkpoint_id': '/private/var/folders/12/3pb2615n5wddcr6spjcz8_pw0000gn/T/pytest-of-0z5a/pytest-317/test_complete_cli_reopens_all_0/signals-0/run/checkpoints/actor/iter_0000002', 'uuid': '169687402744265998634679992838978882506', 'func_name': 'finish_checkpoint', 'event': 'start', 'time': 1791215203058920000, 'log_exceptions': False}
DEBUG    c10d-NullHandler-dcp_logger:logger.py:104 {'checkpoint_id': '/private/var/folders/12/3pb2615n5wddcr6spjcz8_pw0000gn/T/pytest-of-0z5a/pytest-317/test_complete_cli_reopens_all_0/signals-0/run/checkpoints/actor/iter_0000002', 'uuid': '169687402744265998634679992838978882506', 'func_name': 'finish_checkpoint', 'event': 'end', 'time': 1791215203059181000, 'log_exceptions': False, 'times_spent': 261000}
DEBUG    c10d-NullHandler-dcp_logger:logger.py:104 {'checkpoint_id': '/private/var/folders/12/3pb2615n5wddcr6spjcz8_pw0000gn/T/pytest-of-0z5a/pytest-317/test_complete_cli_reopens_all_0/signals-0/run/checkpoints/actor/iter_0000002', 'uuid': '329060292547740289903060335940381646276', 'planner': 'DefaultSavePlanner', 'func_name': 'save', 'event': 'end', 'time': 1791215203059204000, 'log_exceptions': True, 'times_spent': 1800000}
___ ERROR at setup of test_complete_cli_reopens_all_evidence[learning-rltt] ____
tests/test_native_qualification_chain.py:83: in chain
    replace_digest(run, step, digest)
tests/test_native_qualification_chain.py:32: in replace_digest
    sample["recurrent_inputs"].publication_digest = digest
    ^^^^^^^^^^^^^^^^^^^^^^^^^^^^^^^^^^^^^^^^^^^^^
<string>:4: in __setattr__
    ???
E   dataclasses.FrozenInstanceError: cannot assign to field 'publication_digest'
------------------------------ Captured log setup ------------------------------
DEBUG    c10d-NullHandler-dcp_logger:logger.py:86 {'checkpoint_id': '/private/var/folders/12/3pb2615n5wddcr6spjcz8_pw0000gn/T/pytest-of-0z5a/pytest-317/test_complete_cli_reopens_all_1/signals-0/run/checkpoints/actor/iter_0000000', 'uuid': '268726039796249864733515500125853488974', 'planner': 'DefaultSavePlanner', 'func_name': 'save', 'event': 'start', 'time': 1791215203212308000, 'log_exceptions': True}
DEBUG    c10d-NullHandler-dcp_logger:logger.py:86 {'checkpoint_id': None, 'uuid': '200181417082173374481543438111711836407', 'func_name': '_stateful_to_state_dict', 'event': 'start', 'time': 1791215203212498000, 'log_exceptions': True}
DEBUG    c10d-NullHandler-dcp_logger:logger.py:86 {'checkpoint_id': None, 'uuid': '44369385306910215904484852178843236994', 'func_name': '_stateful_to_state_dict.model.weight', 'event': 'start', 'time': 1791215203212872000, 'log_exceptions': True}
DEBUG    c10d-NullHandler-dcp_logger:logger.py:104 {'checkpoint_id': None, 'uuid': '44369385306910215904484852178843236994', 'func_name': '_stateful_to_state_dict.model.weight', 'event': 'end', 'time': 1791215203213021000, 'log_exceptions': True, 'times_spent': 149000}
DEBUG    c10d-NullHandler-dcp_logger:logger.py:86 {'checkpoint_id': None, 'uuid': '73517390964532328112124650009882068512', 'func_name': '_stateful_to_state_dict.optimizer.state.exp_avg.model.weight', 'event': 'start', 'time': 1791215203213138000, 'log_exceptions': True}
DEBUG    c10d-NullHandler-dcp_logger:logger.py:104 {'checkpoint_id': None, 'uuid': '73517390964532328112124650009882068512', 'func_name': '_stateful_to_state_dict.optimizer.state.exp_avg.model.weight', 'event': 'end', 'time': 1791215203213240000, 'log_exceptions': True, 'times_spent': 102000}
DEBUG    c10d-NullHandler-dcp_logger:logger.py:86 {'checkpoint_id': None, 'uuid': '80111533400766404874115022097593885391', 'func_name': '_stateful_to_state_dict.optimizer.state.exp_avg_sq.model.weight', 'event': 'start', 'time': 1791215203213301000, 'log_exceptions': True}
DEBUG    c10d-NullHandler-dcp_logger:logger.py:104 {'checkpoint_id': None, 'uuid': '80111533400766404874115022097593885391', 'func_name': '_stateful_to_state_dict.optimizer.state.exp_avg_sq.model.weight', 'event': 'end', 'time': 1791215203213332000, 'log_exceptions': True, 'times_spent': 31000}
DEBUG    c10d-NullHandler-dcp_logger:logger.py:86 {'checkpoint_id': None, 'uuid': '334651176958272196004657285702211626057', 'func_name': '_stateful_to_state_dict.rng_state/shard_0.0_1.1', 'event': 'start', 'time': 1791215203213359000, 'log_exceptions': True}
DEBUG    c10d-NullHandler-dcp_logger:logger.py:104 {'checkpoint_id': None, 'uuid': '334651176958272196004657285702211626057', 'func_name': '_stateful_to_state_dict.rng_state/shard_0.0_1.1', 'event': 'end', 'time': 1791215203213420000, 'log_exceptions': True, 'times_spent': 61000}
DEBUG    c10d-NullHandler-dcp_logger:logger.py:104 {'checkpoint_id': None, 'uuid': '200181417082173374481543438111711836407', 'func_name': '_stateful_to_state_dict', 'event': 'end', 'time': 1791215203213440000, 'log_exceptions': True, 'times_spent': 942000}
DEBUG    c10d-NullHandler-dcp_logger:logger.py:86 {'checkpoint_id': '/private/var/folders/12/3pb2615n5wddcr6spjcz8_pw0000gn/T/pytest-of-0z5a/pytest-317/test_complete_cli_reopens_all_1/signals-0/run/checkpoints/actor/iter_0000000', 'uuid': '298180813306809018472147356201424225475', 'func_name': 'local_step', 'event': 'start', 'time': 1791215203213479000, 'log_exceptions': False}
DEBUG    c10d-NullHandler-dcp_logger:logger.py:104 {'checkpoint_id': '/private/var/folders/12/3pb2615n5wddcr6spjcz8_pw0000gn/T/pytest-of-0z5a/pytest-317/test_complete_cli_reopens_all_1/signals-0/run/checkpoints/actor/iter_0000000', 'uuid': '298180813306809018472147356201424225475', 'func_name': 'local_step', 'event': 'end', 'time': 1791215203213886000, 'log_exceptions': False, 'times_spent': 407000}
DEBUG    c10d-NullHandler-dcp_logger:logger.py:86 {'checkpoint_id': '/private/var/folders/12/3pb2615n5wddcr6spjcz8_pw0000gn/T/pytest-of-0z5a/pytest-317/test_complete_cli_reopens_all_1/signals-0/run/checkpoints/actor/iter_0000000', 'uuid': '280662563453553366684651660377522040335', 'func_name': 'global_step', 'event': 'start', 'time': 1791215203213920000, 'log_exceptions': False}
DEBUG    c10d-NullHandler-dcp_logger:logger.py:104 {'checkpoint_id': '/private/var/folders/12/3pb2615n5wddcr6spjcz8_pw0000gn/T/pytest-of-0z5a/pytest-317/test_complete_cli_reopens_all_1/signals-0/run/checkpoints/actor/iter_0000000', 'uuid': '280662563453553366684651660377522040335', 'func_name': 'global_step', 'event': 'end', 'time': 1791215203213995000, 'log_exceptions': False, 'times_spent': 75000}
DEBUG    c10d-NullHandler-dcp_logger:logger.py:86 {'checkpoint_id': '/private/var/folders/12/3pb2615n5wddcr6spjcz8_pw0000gn/T/pytest-of-0z5a/pytest-317/test_complete_cli_reopens_all_1/signals-0/run/checkpoints/actor/iter_0000000', 'uuid': '32485819336784400098579241858576299547', 'func_name': 'write_data', 'event': 'start', 'time': 1791215203214034000, 'log_exceptions': False}
DEBUG    c10d-NullHandler-dcp_logger:logger.py:104 {'checkpoint_id': '/private/var/folders/12/3pb2615n5wddcr6spjcz8_pw0000gn/T/pytest-of-0z5a/pytest-317/test_complete_cli_reopens_all_1/signals-0/run/checkpoints/actor/iter_0000000', 'uuid': '32485819336784400098579241858576299547', 'func_name': 'write_data', 'event': 'end', 'time': 1791215203217888000, 'log_exceptions': False, 'times_spent': 3853000}
DEBUG    c10d-NullHandler-dcp_logger:logger.py:86 {'checkpoint_id': '/private/var/folders/12/3pb2615n5wddcr6spjcz8_pw0000gn/T/pytest-of-0z5a/pytest-317/test_complete_cli_reopens_all_1/signals-0/run/checkpoints/actor/iter_0000000', 'uuid': '83667253209345024146264275693905900355', 'func_name': 'finish_checkpoint', 'event': 'start', 'time': 1791215203217995000, 'log_exceptions': False}
DEBUG    c10d-NullHandler-dcp_logger:logger.py:104 {'checkpoint_id': '/private/var/folders/12/3pb2615n5wddcr6spjcz8_pw0000gn/T/pytest-of-0z5a/pytest-317/test_complete_cli_reopens_all_1/signals-0/run/checkpoints/actor/iter_0000000', 'uuid': '83667253209345024146264275693905900355', 'func_name': 'finish_checkpoint', 'event': 'end', 'time': 1791215203218281000, 'log_exceptions': False, 'times_spent': 285000}
DEBUG    c10d-NullHandler-dcp_logger:logger.py:104 {'checkpoint_id': '/private/var/folders/12/3pb2615n5wddcr6spjcz8_pw0000gn/T/pytest-of-0z5a/pytest-317/test_complete_cli_reopens_all_1/signals-0/run/checkpoints/actor/iter_0000000', 'uuid': '268726039796249864733515500125853488974', 'planner': 'DefaultSavePlanner', 'func_name': 'save', 'event': 'end', 'time': 1791215203218307000, 'log_exceptions': True, 'times_spent': 5998000}
DEBUG    c10d-NullHandler-dcp_logger:logger.py:86 {'checkpoint_id': '/private/var/folders/12/3pb2615n5wddcr6spjcz8_pw0000gn/T/pytest-of-0z5a/pytest-317/test_complete_cli_reopens_all_1/signals-0/run/checkpoints/actor/iter_0000001', 'uuid': '210505117191100374531023306646136735908', 'planner': 'DefaultSavePlanner', 'func_name': 'save', 'event': 'start', 'time': 1791215203219420000, 'log_exceptions': True}
DEBUG    c10d-NullHandler-dcp_logger:logger.py:86 {'checkpoint_id': None, 'uuid': '231959436151545450188810412493668213095', 'func_name': '_stateful_to_state_dict', 'event': 'start', 'time': 1791215203219473000, 'log_exceptions': True}
DEBUG    c10d-NullHandler-dcp_logger:logger.py:86 {'checkpoint_id': None, 'uuid': '93426995560475720180509794245339435681', 'func_name': '_stateful_to_state_dict.model.weight', 'event': 'start', 'time': 1791215203219505000, 'log_exceptions': True}
DEBUG    c10d-NullHandler-dcp_logger:logger.py:104 {'checkpoint_id': None, 'uuid': '93426995560475720180509794245339435681', 'func_name': '_stateful_to_state_dict.model.weight', 'event': 'end', 'time': 1791215203219525000, 'log_exceptions': True, 'times_spent': 20000}
DEBUG    c10d-NullHandler-dcp_logger:logger.py:86 {'checkpoint_id': None, 'uuid': '277706700866772494096638701257530976531', 'func_name': '_stateful_to_state_dict.optimizer.state.exp_avg.model.weight', 'event': 'start', 'time': 1791215203219545000, 'log_exceptions': True}
DEBUG    c10d-NullHandler-dcp_logger:logger.py:104 {'checkpoint_id': None, 'uuid': '277706700866772494096638701257530976531', 'func_name': '_stateful_to_state_dict.optimizer.state.exp_avg.model.weight', 'event': 'end', 'time': 1791215203219560000, 'log_exceptions': True, 'times_spent': 15000}
DEBUG    c10d-NullHandler-dcp_logger:logger.py:86 {'checkpoint_id': None, 'uuid': '92124324426758889138700004503766474591', 'func_name': '_stateful_to_state_dict.optimizer.state.exp_avg_sq.model.weight', 'event': 'start', 'time': 1791215203219579000, 'log_exceptions': True}
DEBUG    c10d-NullHandler-dcp_logger:logger.py:104 {'checkpoint_id': None, 'uuid': '92124324426758889138700004503766474591', 'func_name': '_stateful_to_state_dict.optimizer.state.exp_avg_sq.model.weight', 'event': 'end', 'time': 1791215203219592000, 'log_exceptions': True, 'times_spent': 13000}
DEBUG    c10d-NullHandler-dcp_logger:logger.py:86 {'checkpoint_id': None, 'uuid': '289262229810742053878888616103796274844', 'func_name': '_stateful_to_state_dict.rng_state/shard_0.0_1.1', 'event': 'start', 'time': 1791215203219608000, 'log_exceptions': True}
DEBUG    c10d-NullHandler-dcp_logger:logger.py:104 {'checkpoint_id': None, 'uuid': '289262229810742053878888616103796274844', 'func_name': '_stateful_to_state_dict.rng_state/shard_0.0_1.1', 'event': 'end', 'time': 1791215203219624000, 'log_exceptions': True, 'times_spent': 16000}
DEBUG    c10d-NullHandler-dcp_logger:logger.py:104 {'checkpoint_id': None, 'uuid': '231959436151545450188810412493668213095', 'func_name': '_stateful_to_state_dict', 'event': 'end', 'time': 1791215203219634000, 'log_exceptions': True, 'times_spent': 161000}
DEBUG    c10d-NullHandler-dcp_logger:logger.py:86 {'checkpoint_id': '/private/var/folders/12/3pb2615n5wddcr6spjcz8_pw0000gn/T/pytest-of-0z5a/pytest-317/test_complete_cli_reopens_all_1/signals-0/run/checkpoints/actor/iter_0000001', 'uuid': '209288308262193684835638489225265095252', 'func_name': 'local_step', 'event': 'start', 'time': 1791215203219655000, 'log_exceptions': False}
DEBUG    c10d-NullHandler-dcp_logger:logger.py:104 {'checkpoint_id': '/private/var/folders/12/3pb2615n5wddcr6spjcz8_pw0000gn/T/pytest-of-0z5a/pytest-317/test_complete_cli_reopens_all_1/signals-0/run/checkpoints/actor/iter_0000001', 'uuid': '209288308262193684835638489225265095252', 'func_name': 'local_step', 'event': 'end', 'time': 1791215203219803000, 'log_exceptions': False, 'times_spent': 148000}
DEBUG    c10d-NullHandler-dcp_logger:logger.py:86 {'checkpoint_id': '/private/var/folders/12/3pb2615n5wddcr6spjcz8_pw0000gn/T/pytest-of-0z5a/pytest-317/test_complete_cli_reopens_all_1/signals-0/run/checkpoints/actor/iter_0000001', 'uuid': '324890026722560725816214534097532347414', 'func_name': 'global_step', 'event': 'start', 'time': 1791215203219846000, 'log_exceptions': False}
DEBUG    c10d-NullHandler-dcp_logger:logger.py:104 {'checkpoint_id': '/private/var/folders/12/3pb2615n5wddcr6spjcz8_pw0000gn/T/pytest-of-0z5a/pytest-317/test_complete_cli_reopens_all_1/signals-0/run/checkpoints/actor/iter_0000001', 'uuid': '324890026722560725816214534097532347414', 'func_name': 'global_step', 'event': 'end', 'time': 1791215203219900000, 'log_exceptions': False, 'times_spent': 54000}
DEBUG    c10d-NullHandler-dcp_logger:logger.py:86 {'checkpoint_id': '/private/var/folders/12/3pb2615n5wddcr6spjcz8_pw0000gn/T/pytest-of-0z5a/pytest-317/test_complete_cli_reopens_all_1/signals-0/run/checkpoints/actor/iter_0000001', 'uuid': '34547833016025034153822630769687230699', 'func_name': 'write_data', 'event': 'start', 'time': 1791215203219931000, 'log_exceptions': False}
DEBUG    c10d-NullHandler-dcp_logger:logger.py:104 {'checkpoint_id': '/private/var/folders/12/3pb2615n5wddcr6spjcz8_pw0000gn/T/pytest-of-0z5a/pytest-317/test_complete_cli_reopens_all_1/signals-0/run/checkpoints/actor/iter_0000001', 'uuid': '34547833016025034153822630769687230699', 'func_name': 'write_data', 'event': 'end', 'time': 1791215203220931000, 'log_exceptions': False, 'times_spent': 1000000}
DEBUG    c10d-NullHandler-dcp_logger:logger.py:86 {'checkpoint_id': '/private/var/folders/12/3pb2615n5wddcr6spjcz8_pw0000gn/T/pytest-of-0z5a/pytest-317/test_complete_cli_reopens_all_1/signals-0/run/checkpoints/actor/iter_0000001', 'uuid': '288423080035062917881049704937357480678', 'func_name': 'finish_checkpoint', 'event': 'start', 'time': 1791215203220961000, 'log_exceptions': False}
DEBUG    c10d-NullHandler-dcp_logger:logger.py:104 {'checkpoint_id': '/private/var/folders/12/3pb2615n5wddcr6spjcz8_pw0000gn/T/pytest-of-0z5a/pytest-317/test_complete_cli_reopens_all_1/signals-0/run/checkpoints/actor/iter_0000001', 'uuid': '288423080035062917881049704937357480678', 'func_name': 'finish_checkpoint', 'event': 'end', 'time': 1791215203221377000, 'log_exceptions': False, 'times_spent': 416000}
DEBUG    c10d-NullHandler-dcp_logger:logger.py:104 {'checkpoint_id': '/private/var/folders/12/3pb2615n5wddcr6spjcz8_pw0000gn/T/pytest-of-0z5a/pytest-317/test_complete_cli_reopens_all_1/signals-0/run/checkpoints/actor/iter_0000001', 'uuid': '210505117191100374531023306646136735908', 'planner': 'DefaultSavePlanner', 'func_name': 'save', 'event': 'end', 'time': 1791215203221423000, 'log_exceptions': True, 'times_spent': 2003000}
DEBUG    c10d-NullHandler-dcp_logger:logger.py:86 {'checkpoint_id': '/private/var/folders/12/3pb2615n5wddcr6spjcz8_pw0000gn/T/pytest-of-0z5a/pytest-317/test_complete_cli_reopens_all_1/signals-0/run/checkpoints/actor/iter_0000002', 'uuid': '107236547196962724844513990799445304079', 'planner': 'DefaultSavePlanner', 'func_name': 'save', 'event': 'start', 'time': 1791215203222302000, 'log_exceptions': True}
DEBUG    c10d-NullHandler-dcp_logger:logger.py:86 {'checkpoint_id': None, 'uuid': '265849418945592007572176993606381807214', 'func_name': '_stateful_to_state_dict', 'event': 'start', 'time': 1791215203222343000, 'log_exceptions': True}
DEBUG    c10d-NullHandler-dcp_logger:logger.py:86 {'checkpoint_id': None, 'uuid': '246200745342820542228363231358112862104', 'func_name': '_stateful_to_state_dict.model.weight', 'event': 'start', 'time': 1791215203222366000, 'log_exceptions': True}
DEBUG    c10d-NullHandler-dcp_logger:logger.py:104 {'checkpoint_id': None, 'uuid': '246200745342820542228363231358112862104', 'func_name': '_stateful_to_state_dict.model.weight', 'event': 'end', 'time': 1791215203222402000, 'log_exceptions': True, 'times_spent': 36000}
DEBUG    c10d-NullHandler-dcp_logger:logger.py:86 {'checkpoint_id': None, 'uuid': '270645120540981759725300897085242319977', 'func_name': '_stateful_to_state_dict.optimizer.state.exp_avg.model.weight', 'event': 'start', 'time': 1791215203222437000, 'log_exceptions': True}
DEBUG    c10d-NullHandler-dcp_logger:logger.py:104 {'checkpoint_id': None, 'uuid': '270645120540981759725300897085242319977', 'func_name': '_stateful_to_state_dict.optimizer.state.exp_avg.model.weight', 'event': 'end', 'time': 1791215203222451000, 'log_exceptions': True, 'times_spent': 14000}
DEBUG    c10d-NullHandler-dcp_logger:logger.py:86 {'checkpoint_id': None, 'uuid': '407701410965629065661712229891578148', 'func_name': '_stateful_to_state_dict.optimizer.state.exp_avg_sq.model.weight', 'event': 'start', 'time': 1791215203222469000, 'log_exceptions': True}
DEBUG    c10d-NullHandler-dcp_logger:logger.py:104 {'checkpoint_id': None, 'uuid': '407701410965629065661712229891578148', 'func_name': '_stateful_to_state_dict.optimizer.state.exp_avg_sq.model.weight', 'event': 'end', 'time': 1791215203222529000, 'log_exceptions': True, 'times_spent': 59000}
DEBUG    c10d-NullHandler-dcp_logger:logger.py:86 {'checkpoint_id': None, 'uuid': '292630595260386060478738872218142339935', 'func_name': '_stateful_to_state_dict.rng_state/shard_0.0_1.1', 'event': 'start', 'time': 1791215203222562000, 'log_exceptions': True}
DEBUG    c10d-NullHandler-dcp_logger:logger.py:104 {'checkpoint_id': None, 'uuid': '292630595260386060478738872218142339935', 'func_name': '_stateful_to_state_dict.rng_state/shard_0.0_1.1', 'event': 'end', 'time': 1791215203222579000, 'log_exceptions': True, 'times_spent': 17000}
DEBUG    c10d-NullHandler-dcp_logger:logger.py:104 {'checkpoint_id': None, 'uuid': '265849418945592007572176993606381807214', 'func_name': '_stateful_to_state_dict', 'event': 'end', 'time': 1791215203222590000, 'log_exceptions': True, 'times_spent': 247000}
DEBUG    c10d-NullHandler-dcp_logger:logger.py:86 {'checkpoint_id': '/private/var/folders/12/3pb2615n5wddcr6spjcz8_pw0000gn/T/pytest-of-0z5a/pytest-317/test_complete_cli_reopens_all_1/signals-0/run/checkpoints/actor/iter_0000002', 'uuid': '128591278286020501267335052411261690182', 'func_name': 'local_step', 'event': 'start', 'time': 1791215203222612000, 'log_exceptions': False}
DEBUG    c10d-NullHandler-dcp_logger:logger.py:104 {'checkpoint_id': '/private/var/folders/12/3pb2615n5wddcr6spjcz8_pw0000gn/T/pytest-of-0z5a/pytest-317/test_complete_cli_reopens_all_1/signals-0/run/checkpoints/actor/iter_0000002', 'uuid': '128591278286020501267335052411261690182', 'func_name': 'local_step', 'event': 'end', 'time': 1791215203222795000, 'log_exceptions': False, 'times_spent': 183000}
DEBUG    c10d-NullHandler-dcp_logger:logger.py:86 {'checkpoint_id': '/private/var/folders/12/3pb2615n5wddcr6spjcz8_pw0000gn/T/pytest-of-0z5a/pytest-317/test_complete_cli_reopens_all_1/signals-0/run/checkpoints/actor/iter_0000002', 'uuid': '313659259218145259347878868322900726322', 'func_name': 'global_step', 'event': 'start', 'time': 1791215203222884000, 'log_exceptions': False}
DEBUG    c10d-NullHandler-dcp_logger:logger.py:104 {'checkpoint_id': '/private/var/folders/12/3pb2615n5wddcr6spjcz8_pw0000gn/T/pytest-of-0z5a/pytest-317/test_complete_cli_reopens_all_1/signals-0/run/checkpoints/actor/iter_0000002', 'uuid': '313659259218145259347878868322900726322', 'func_name': 'global_step', 'event': 'end', 'time': 1791215203222991000, 'log_exceptions': False, 'times_spent': 107000}
DEBUG    c10d-NullHandler-dcp_logger:logger.py:86 {'checkpoint_id': '/private/var/folders/12/3pb2615n5wddcr6spjcz8_pw0000gn/T/pytest-of-0z5a/pytest-317/test_complete_cli_reopens_all_1/signals-0/run/checkpoints/actor/iter_0000002', 'uuid': '24471798347924429141628034871724909249', 'func_name': 'write_data', 'event': 'start', 'time': 1791215203223020000, 'log_exceptions': False}
DEBUG    c10d-NullHandler-dcp_logger:logger.py:104 {'checkpoint_id': '/private/var/folders/12/3pb2615n5wddcr6spjcz8_pw0000gn/T/pytest-of-0z5a/pytest-317/test_complete_cli_reopens_all_1/signals-0/run/checkpoints/actor/iter_0000002', 'uuid': '24471798347924429141628034871724909249', 'func_name': 'write_data', 'event': 'end', 'time': 1791215203223747000, 'log_exceptions': False, 'times_spent': 727000}
DEBUG    c10d-NullHandler-dcp_logger:logger.py:86 {'checkpoint_id': '/private/var/folders/12/3pb2615n5wddcr6spjcz8_pw0000gn/T/pytest-of-0z5a/pytest-317/test_complete_cli_reopens_all_1/signals-0/run/checkpoints/actor/iter_0000002', 'uuid': '232648900963059529001529929644585228205', 'func_name': 'finish_checkpoint', 'event': 'start', 'time': 1791215203223782000, 'log_exceptions': False}
DEBUG    c10d-NullHandler-dcp_logger:logger.py:104 {'checkpoint_id': '/private/var/folders/12/3pb2615n5wddcr6spjcz8_pw0000gn/T/pytest-of-0z5a/pytest-317/test_complete_cli_reopens_all_1/signals-0/run/checkpoints/actor/iter_0000002', 'uuid': '232648900963059529001529929644585228205', 'func_name': 'finish_checkpoint', 'event': 'end', 'time': 1791215203223999000, 'log_exceptions': False, 'times_spent': 217000}
DEBUG    c10d-NullHandler-dcp_logger:logger.py:104 {'checkpoint_id': '/private/var/folders/12/3pb2615n5wddcr6spjcz8_pw0000gn/T/pytest-of-0z5a/pytest-317/test_complete_cli_reopens_all_1/signals-0/run/checkpoints/actor/iter_0000002', 'uuid': '107236547196962724844513990799445304079', 'planner': 'DefaultSavePlanner', 'func_name': 'save', 'event': 'end', 'time': 1791215203224019000, 'log_exceptions': True, 'times_spent': 1717000}
_ ERROR at setup of test_rejects_unbound_model_and_publications[learning-model_revision] _
tests/test_native_qualification_chain.py:83: in chain
    replace_digest(run, step, digest)
tests/test_native_qualification_chain.py:32: in replace_digest
    sample["recurrent_inputs"].publication_digest = digest
    ^^^^^^^^^^^^^^^^^^^^^^^^^^^^^^^^^^^^^^^^^^^^^
<string>:4: in __setattr__
    ???
E   dataclasses.FrozenInstanceError: cannot assign to field 'publication_digest'
------------------------------ Captured log setup ------------------------------
DEBUG    c10d-NullHandler-dcp_logger:logger.py:86 {'checkpoint_id': '/private/var/folders/12/3pb2615n5wddcr6spjcz8_pw0000gn/T/pytest-of-0z5a/pytest-317/test_rejects_unbound_model_and0/signals-0/run/checkpoints/actor/iter_0000000', 'uuid': '237604816369040127255654663357361779356', 'planner': 'DefaultSavePlanner', 'func_name': 'save', 'event': 'start', 'time': 1791215203333260000, 'log_exceptions': True}
DEBUG    c10d-NullHandler-dcp_logger:logger.py:86 {'checkpoint_id': None, 'uuid': '76871786250211436336875436630668828903', 'func_name': '_stateful_to_state_dict', 'event': 'start', 'time': 1791215203333358000, 'log_exceptions': True}
DEBUG    c10d-NullHandler-dcp_logger:logger.py:86 {'checkpoint_id': None, 'uuid': '253604878420776854974983994111373418725', 'func_name': '_stateful_to_state_dict.model.weight', 'event': 'start', 'time': 1791215203333394000, 'log_exceptions': True}
DEBUG    c10d-NullHandler-dcp_logger:logger.py:104 {'checkpoint_id': None, 'uuid': '253604878420776854974983994111373418725', 'func_name': '_stateful_to_state_dict.model.weight', 'event': 'end', 'time': 1791215203333419000, 'log_exceptions': True, 'times_spent': 25000}
DEBUG    c10d-NullHandler-dcp_logger:logger.py:86 {'checkpoint_id': None, 'uuid': '133177136076570194621761552133470706631', 'func_name': '_stateful_to_state_dict.optimizer.state.exp_avg.model.weight', 'event': 'start', 'time': 1791215203333444000, 'log_exceptions': True}
DEBUG    c10d-NullHandler-dcp_logger:logger.py:104 {'checkpoint_id': None, 'uuid': '133177136076570194621761552133470706631', 'func_name': '_stateful_to_state_dict.optimizer.state.exp_avg.model.weight', 'event': 'end', 'time': 1791215203333459000, 'log_exceptions': True, 'times_spent': 15000}
DEBUG    c10d-NullHandler-dcp_logger:logger.py:86 {'checkpoint_id': None, 'uuid': '228741558237140935063357700125406446000', 'func_name': '_stateful_to_state_dict.optimizer.state.exp_avg_sq.model.weight', 'event': 'start', 'time': 1791215203333477000, 'log_exceptions': True}
DEBUG    c10d-NullHandler-dcp_logger:logger.py:104 {'checkpoint_id': None, 'uuid': '228741558237140935063357700125406446000', 'func_name': '_stateful_to_state_dict.optimizer.state.exp_avg_sq.model.weight', 'event': 'end', 'time': 1791215203333514000, 'log_exceptions': True, 'times_spent': 36000}
DEBUG    c10d-NullHandler-dcp_logger:logger.py:86 {'checkpoint_id': None, 'uuid': '196952662699411780647901599774289306212', 'func_name': '_stateful_to_state_dict.rng_state/shard_0.0_1.1', 'event': 'start', 'time': 1791215203333557000, 'log_exceptions': True}
DEBUG    c10d-NullHandler-dcp_logger:logger.py:104 {'checkpoint_id': None, 'uuid': '196952662699411780647901599774289306212', 'func_name': '_stateful_to_state_dict.rng_state/shard_0.0_1.1', 'event': 'end', 'time': 1791215203333578000, 'log_exceptions': True, 'times_spent': 21000}
DEBUG    c10d-NullHandler-dcp_logger:logger.py:104 {'checkpoint_id': None, 'uuid': '76871786250211436336875436630668828903', 'func_name': '_stateful_to_state_dict', 'event': 'end', 'time': 1791215203333591000, 'log_exceptions': True, 'times_spent': 233000}
DEBUG    c10d-NullHandler-dcp_logger:logger.py:86 {'checkpoint_id': '/private/var/folders/12/3pb2615n5wddcr6spjcz8_pw0000gn/T/pytest-of-0z5a/pytest-317/test_rejects_unbound_model_and0/signals-0/run/checkpoints/actor/iter_0000000', 'uuid': '283347166796665036277662116878632395511', 'func_name': 'local_step', 'event': 'start', 'time': 1791215203333627000, 'log_exceptions': False}
DEBUG    c10d-NullHandler-dcp_logger:logger.py:104 {'checkpoint_id': '/private/var/folders/12/3pb2615n5wddcr6spjcz8_pw0000gn/T/pytest-of-0z5a/pytest-317/test_rejects_unbound_model_and0/signals-0/run/checkpoints/actor/iter_0000000', 'uuid': '283347166796665036277662116878632395511', 'func_name': 'local_step', 'event': 'end', 'time': 1791215203333835000, 'log_exceptions': False, 'times_spent': 208000}
DEBUG    c10d-NullHandler-dcp_logger:logger.py:86 {'checkpoint_id': '/private/var/folders/12/3pb2615n5wddcr6spjcz8_pw0000gn/T/pytest-of-0z5a/pytest-317/test_rejects_unbound_model_and0/signals-0/run/checkpoints/actor/iter_0000000', 'uuid': '123225425950505940595008837051897076833', 'func_name': 'global_step', 'event': 'start', 'time': 1791215203333884000, 'log_exceptions': False}
DEBUG    c10d-NullHandler-dcp_logger:logger.py:104 {'checkpoint_id': '/private/var/folders/12/3pb2615n5wddcr6spjcz8_pw0000gn/T/pytest-of-0z5a/pytest-317/test_rejects_unbound_model_and0/signals-0/run/checkpoints/actor/iter_0000000', 'uuid': '123225425950505940595008837051897076833', 'func_name': 'global_step', 'event': 'end', 'time': 1791215203333944000, 'log_exceptions': False, 'times_spent': 60000}
DEBUG    c10d-NullHandler-dcp_logger:logger.py:86 {'checkpoint_id': '/private/var/folders/12/3pb2615n5wddcr6spjcz8_pw0000gn/T/pytest-of-0z5a/pytest-317/test_rejects_unbound_model_and0/signals-0/run/checkpoints/actor/iter_0000000', 'uuid': '14738796203184372374814116143943166438', 'func_name': 'write_data', 'event': 'start', 'time': 1791215203333976000, 'log_exceptions': False}
DEBUG    c10d-NullHandler-dcp_logger:logger.py:104 {'checkpoint_id': '/private/var/folders/12/3pb2615n5wddcr6spjcz8_pw0000gn/T/pytest-of-0z5a/pytest-317/test_rejects_unbound_model_and0/signals-0/run/checkpoints/actor/iter_0000000', 'uuid': '14738796203184372374814116143943166438', 'func_name': 'write_data', 'event': 'end', 'time': 1791215203334681000, 'log_exceptions': False, 'times_spent': 705000}
DEBUG    c10d-NullHandler-dcp_logger:logger.py:86 {'checkpoint_id': '/private/var/folders/12/3pb2615n5wddcr6spjcz8_pw0000gn/T/pytest-of-0z5a/pytest-317/test_rejects_unbound_model_and0/signals-0/run/checkpoints/actor/iter_0000000', 'uuid': '21220236612817177372304634922453515941', 'func_name': 'finish_checkpoint', 'event': 'start', 'time': 1791215203334712000, 'log_exceptions': False}
DEBUG    c10d-NullHandler-dcp_logger:logger.py:104 {'checkpoint_id': '/private/var/folders/12/3pb2615n5wddcr6spjcz8_pw0000gn/T/pytest-of-0z5a/pytest-317/test_rejects_unbound_model_and0/signals-0/run/checkpoints/actor/iter_0000000', 'uuid': '21220236612817177372304634922453515941', 'func_name': 'finish_checkpoint', 'event': 'end', 'time': 1791215203334934000, 'log_exceptions': False, 'times_spent': 222000}
DEBUG    c10d-NullHandler-dcp_logger:logger.py:104 {'checkpoint_id': '/private/var/folders/12/3pb2615n5wddcr6spjcz8_pw0000gn/T/pytest-of-0z5a/pytest-317/test_rejects_unbound_model_and0/signals-0/run/checkpoints/actor/iter_0000000', 'uuid': '237604816369040127255654663357361779356', 'planner': 'DefaultSavePlanner', 'func_name': 'save', 'event': 'end', 'time': 1791215203334955000, 'log_exceptions': True, 'times_spent': 1695000}
DEBUG    c10d-NullHandler-dcp_logger:logger.py:86 {'checkpoint_id': '/private/var/folders/12/3pb2615n5wddcr6spjcz8_pw0000gn/T/pytest-of-0z5a/pytest-317/test_rejects_unbound_model_and0/signals-0/run/checkpoints/actor/iter_0000001', 'uuid': '167092200735447908388713704515948365405', 'planner': 'DefaultSavePlanner', 'func_name': 'save', 'event': 'start', 'time': 1791215203335513000, 'log_exceptions': True}
DEBUG    c10d-NullHandler-dcp_logger:logger.py:86 {'checkpoint_id': None, 'uuid': '116613920223489878360468363192936522517', 'func_name': '_stateful_to_state_dict', 'event': 'start', 'time': 1791215203335554000, 'log_exceptions': True}
DEBUG    c10d-NullHandler-dcp_logger:logger.py:86 {'checkpoint_id': None, 'uuid': '115124877113153393689203415951104939239', 'func_name': '_stateful_to_state_dict.model.weight', 'event': 'start', 'time': 1791215203335578000, 'log_exceptions': True}
DEBUG    c10d-NullHandler-dcp_logger:logger.py:104 {'checkpoint_id': None, 'uuid': '115124877113153393689203415951104939239', 'func_name': '_stateful_to_state_dict.model.weight', 'event': 'end', 'time': 1791215203335596000, 'log_exceptions': True, 'times_spent': 18000}
DEBUG    c10d-NullHandler-dcp_logger:logger.py:86 {'checkpoint_id': None, 'uuid': '339893169333267607227921334183397417660', 'func_name': '_stateful_to_state_dict.optimizer.state.exp_avg.model.weight', 'event': 'start', 'time': 1791215203335613000, 'log_exceptions': True}
DEBUG    c10d-NullHandler-dcp_logger:logger.py:104 {'checkpoint_id': None, 'uuid': '339893169333267607227921334183397417660', 'func_name': '_stateful_to_state_dict.optimizer.state.exp_avg.model.weight', 'event': 'end', 'time': 1791215203335627000, 'log_exceptions': True, 'times_spent': 14000}
DEBUG    c10d-NullHandler-dcp_logger:logger.py:86 {'checkpoint_id': None, 'uuid': '176713358928454808707175936273186449306', 'func_name': '_stateful_to_state_dict.optimizer.state.exp_avg_sq.model.weight', 'event': 'start', 'time': 1791215203335645000, 'log_exceptions': True}
DEBUG    c10d-NullHandler-dcp_logger:logger.py:104 {'checkpoint_id': None, 'uuid': '176713358928454808707175936273186449306', 'func_name': '_stateful_to_state_dict.optimizer.state.exp_avg_sq.model.weight', 'event': 'end', 'time': 1791215203335657000, 'log_exceptions': True, 'times_spent': 12000}
DEBUG    c10d-NullHandler-dcp_logger:logger.py:86 {'checkpoint_id': None, 'uuid': '53266205674895114630262960143569196481', 'func_name': '_stateful_to_state_dict.rng_state/shard_0.0_1.1', 'event': 'start', 'time': 1791215203335672000, 'log_exceptions': True}
DEBUG    c10d-NullHandler-dcp_logger:logger.py:104 {'checkpoint_id': None, 'uuid': '53266205674895114630262960143569196481', 'func_name': '_stateful_to_state_dict.rng_state/shard_0.0_1.1', 'event': 'end', 'time': 1791215203335685000, 'log_exceptions': True, 'times_spent': 13000}
DEBUG    c10d-NullHandler-dcp_logger:logger.py:104 {'checkpoint_id': None, 'uuid': '116613920223489878360468363192936522517', 'func_name': '_stateful_to_state_dict', 'event': 'end', 'time': 1791215203335696000, 'log_exceptions': True, 'times_spent': 142000}
DEBUG    c10d-NullHandler-dcp_logger:logger.py:86 {'checkpoint_id': '/private/var/folders/12/3pb2615n5wddcr6spjcz8_pw0000gn/T/pytest-of-0z5a/pytest-317/test_rejects_unbound_model_and0/signals-0/run/checkpoints/actor/iter_0000001', 'uuid': '191072915613587512664020969136956576587', 'func_name': 'local_step', 'event': 'start', 'time': 1791215203335716000, 'log_exceptions': False}
DEBUG    c10d-NullHandler-dcp_logger:logger.py:104 {'checkpoint_id': '/private/var/folders/12/3pb2615n5wddcr6spjcz8_pw0000gn/T/pytest-of-0z5a/pytest-317/test_rejects_unbound_model_and0/signals-0/run/checkpoints/actor/iter_0000001', 'uuid': '191072915613587512664020969136956576587', 'func_name': 'local_step', 'event': 'end', 'time': 1791215203335857000, 'log_exceptions': False, 'times_spent': 141000}
DEBUG    c10d-NullHandler-dcp_logger:logger.py:86 {'checkpoint_id': '/private/var/folders/12/3pb2615n5wddcr6spjcz8_pw0000gn/T/pytest-of-0z5a/pytest-317/test_rejects_unbound_model_and0/signals-0/run/checkpoints/actor/iter_0000001', 'uuid': '122162252590299056504192518116655319432', 'func_name': 'global_step', 'event': 'start', 'time': 1791215203335890000, 'log_exceptions': False}
DEBUG    c10d-NullHandler-dcp_logger:logger.py:104 {'checkpoint_id': '/private/var/folders/12/3pb2615n5wddcr6spjcz8_pw0000gn/T/pytest-of-0z5a/pytest-317/test_rejects_unbound_model_and0/signals-0/run/checkpoints/actor/iter_0000001', 'uuid': '122162252590299056504192518116655319432', 'func_name': 'global_step', 'event': 'end', 'time': 1791215203335937000, 'log_exceptions': False, 'times_spent': 47000}
DEBUG    c10d-NullHandler-dcp_logger:logger.py:86 {'checkpoint_id': '/private/var/folders/12/3pb2615n5wddcr6spjcz8_pw0000gn/T/pytest-of-0z5a/pytest-317/test_rejects_unbound_model_and0/signals-0/run/checkpoints/actor/iter_0000001', 'uuid': '91286906001591736880435994054686291803', 'func_name': 'write_data', 'event': 'start', 'time': 1791215203335965000, 'log_exceptions': False}
DEBUG    c10d-NullHandler-dcp_logger:logger.py:104 {'checkpoint_id': '/private/var/folders/12/3pb2615n5wddcr6spjcz8_pw0000gn/T/pytest-of-0z5a/pytest-317/test_rejects_unbound_model_and0/signals-0/run/checkpoints/actor/iter_0000001', 'uuid': '91286906001591736880435994054686291803', 'func_name': 'write_data', 'event': 'end', 'time': 1791215203336756000, 'log_exceptions': False, 'times_spent': 791000}
DEBUG    c10d-NullHandler-dcp_logger:logger.py:86 {'checkpoint_id': '/private/var/folders/12/3pb2615n5wddcr6spjcz8_pw0000gn/T/pytest-of-0z5a/pytest-317/test_rejects_unbound_model_and0/signals-0/run/checkpoints/actor/iter_0000001', 'uuid': '190976829288966496571522704101411317486', 'func_name': 'finish_checkpoint', 'event': 'start', 'time': 1791215203336804000, 'log_exceptions': False}
DEBUG    c10d-NullHandler-dcp_logger:logger.py:104 {'checkpoint_id': '/private/var/folders/12/3pb2615n5wddcr6spjcz8_pw0000gn/T/pytest-of-0z5a/pytest-317/test_rejects_unbound_model_and0/signals-0/run/checkpoints/actor/iter_0000001', 'uuid': '190976829288966496571522704101411317486', 'func_name': 'finish_checkpoint', 'event': 'end', 'time': 1791215203337043000, 'log_exceptions': False, 'times_spent': 239000}
DEBUG    c10d-NullHandler-dcp_logger:logger.py:104 {'checkpoint_id': '/private/var/folders/12/3pb2615n5wddcr6spjcz8_pw0000gn/T/pytest-of-0z5a/pytest-317/test_rejects_unbound_model_and0/signals-0/run/checkpoints/actor/iter_0000001', 'uuid': '167092200735447908388713704515948365405', 'planner': 'DefaultSavePlanner', 'func_name': 'save', 'event': 'end', 'time': 1791215203337075000, 'log_exceptions': True, 'times_spent': 1562000}
DEBUG    c10d-NullHandler-dcp_logger:logger.py:86 {'checkpoint_id': '/private/var/folders/12/3pb2615n5wddcr6spjcz8_pw0000gn/T/pytest-of-0z5a/pytest-317/test_rejects_unbound_model_and0/signals-0/run/checkpoints/actor/iter_0000002', 'uuid': '38371038913877565429868639425356173184', 'planner': 'DefaultSavePlanner', 'func_name': 'save', 'event': 'start', 'time': 1791215203337714000, 'log_exceptions': True}
DEBUG    c10d-NullHandler-dcp_logger:logger.py:86 {'checkpoint_id': None, 'uuid': '60481726629625398536028696400023604111', 'func_name': '_stateful_to_state_dict', 'event': 'start', 'time': 1791215203337867000, 'log_exceptions': True}
DEBUG    c10d-NullHandler-dcp_logger:logger.py:86 {'checkpoint_id': None, 'uuid': '42850704994988014891595972861338616643', 'func_name': '_stateful_to_state_dict.model.weight', 'event': 'start', 'time': 1791215203337930000, 'log_exceptions': True}
DEBUG    c10d-NullHandler-dcp_logger:logger.py:104 {'checkpoint_id': None, 'uuid': '42850704994988014891595972861338616643', 'func_name': '_stateful_to_state_dict.model.weight', 'event': 'end', 'time': 1791215203337964000, 'log_exceptions': True, 'times_spent': 34000}
DEBUG    c10d-NullHandler-dcp_logger:logger.py:86 {'checkpoint_id': None, 'uuid': '232754694778641039212529651834757637210', 'func_name': '_stateful_to_state_dict.optimizer.state.exp_avg.model.weight', 'event': 'start', 'time': 1791215203337990000, 'log_exceptions': True}
DEBUG    c10d-NullHandler-dcp_logger:logger.py:104 {'checkpoint_id': None, 'uuid': '232754694778641039212529651834757637210', 'func_name': '_stateful_to_state_dict.optimizer.state.exp_avg.model.weight', 'event': 'end', 'time': 1791215203338032000, 'log_exceptions': True, 'times_spent': 42000}
DEBUG    c10d-NullHandler-dcp_logger:logger.py:86 {'checkpoint_id': None, 'uuid': '163515632617313588177253660409798871813', 'func_name': '_stateful_to_state_dict.optimizer.state.exp_avg_sq.model.weight', 'event': 'start', 'time': 1791215203338050000, 'log_exceptions': True}
DEBUG    c10d-NullHandler-dcp_logger:logger.py:104 {'checkpoint_id': None, 'uuid': '163515632617313588177253660409798871813', 'func_name': '_stateful_to_state_dict.optimizer.state.exp_avg_sq.model.weight', 'event': 'end', 'time': 1791215203338064000, 'log_exceptions': True, 'times_spent': 13000}
DEBUG    c10d-NullHandler-dcp_logger:logger.py:86 {'checkpoint_id': None, 'uuid': '331692426840717808186401659552179751465', 'func_name': '_stateful_to_state_dict.rng_state/shard_0.0_1.1', 'event': 'start', 'time': 1791215203338079000, 'log_exceptions': True}
DEBUG    c10d-NullHandler-dcp_logger:logger.py:104 {'checkpoint_id': None, 'uuid': '331692426840717808186401659552179751465', 'func_name': '_stateful_to_state_dict.rng_state/shard_0.0_1.1', 'event': 'end', 'time': 1791215203338116000, 'log_exceptions': True, 'times_spent': 37000}
DEBUG    c10d-NullHandler-dcp_logger:logger.py:104 {'checkpoint_id': None, 'uuid': '60481726629625398536028696400023604111', 'func_name': '_stateful_to_state_dict', 'event': 'end', 'time': 1791215203338169000, 'log_exceptions': True, 'times_spent': 302000}
DEBUG    c10d-NullHandler-dcp_logger:logger.py:86 {'checkpoint_id': '/private/var/folders/12/3pb2615n5wddcr6spjcz8_pw0000gn/T/pytest-of-0z5a/pytest-317/test_rejects_unbound_model_and0/signals-0/run/checkpoints/actor/iter_0000002', 'uuid': '78590917783222061887521737637107687912', 'func_name': 'local_step', 'event': 'start', 'time': 1791215203338199000, 'log_exceptions': False}
DEBUG    c10d-NullHandler-dcp_logger:logger.py:104 {'checkpoint_id': '/private/var/folders/12/3pb2615n5wddcr6spjcz8_pw0000gn/T/pytest-of-0z5a/pytest-317/test_rejects_unbound_model_and0/signals-0/run/checkpoints/actor/iter_0000002', 'uuid': '78590917783222061887521737637107687912', 'func_name': 'local_step', 'event': 'end', 'time': 1791215203338382000, 'log_exceptions': False, 'times_spent': 182000}
DEBUG    c10d-NullHandler-dcp_logger:logger.py:86 {'checkpoint_id': '/private/var/folders/12/3pb2615n5wddcr6spjcz8_pw0000gn/T/pytest-of-0z5a/pytest-317/test_rejects_unbound_model_and0/signals-0/run/checkpoints/actor/iter_0000002', 'uuid': '311222079535125552671760847852394710098', 'func_name': 'global_step', 'event': 'start', 'time': 1791215203338425000, 'log_exceptions': False}
DEBUG    c10d-NullHandler-dcp_logger:logger.py:104 {'checkpoint_id': '/private/var/folders/12/3pb2615n5wddcr6spjcz8_pw0000gn/T/pytest-of-0z5a/pytest-317/test_rejects_unbound_model_and0/signals-0/run/checkpoints/actor/iter_0000002', 'uuid': '311222079535125552671760847852394710098', 'func_name': 'global_step', 'event': 'end', 'time': 1791215203338477000, 'log_exceptions': False, 'times_spent': 52000}
DEBUG    c10d-NullHandler-dcp_logger:logger.py:86 {'checkpoint_id': '/private/var/folders/12/3pb2615n5wddcr6spjcz8_pw0000gn/T/pytest-of-0z5a/pytest-317/test_rejects_unbound_model_and0/signals-0/run/checkpoints/actor/iter_0000002', 'uuid': '143526027700887934883455354003976467216', 'func_name': 'write_data', 'event': 'start', 'time': 1791215203338502000, 'log_exceptions': False}
DEBUG    c10d-NullHandler-dcp_logger:logger.py:104 {'checkpoint_id': '/private/var/folders/12/3pb2615n5wddcr6spjcz8_pw0000gn/T/pytest-of-0z5a/pytest-317/test_rejects_unbound_model_and0/signals-0/run/checkpoints/actor/iter_0000002', 'uuid': '143526027700887934883455354003976467216', 'func_name': 'write_data', 'event': 'end', 'time': 1791215203339527000, 'log_exceptions': False, 'times_spent': 1025000}
DEBUG    c10d-NullHandler-dcp_logger:logger.py:86 {'checkpoint_id': '/private/var/folders/12/3pb2615n5wddcr6spjcz8_pw0000gn/T/pytest-of-0z5a/pytest-317/test_rejects_unbound_model_and0/signals-0/run/checkpoints/actor/iter_0000002', 'uuid': '106788998511803830872627280611333813731', 'func_name': 'finish_checkpoint', 'event': 'start', 'time': 1791215203339560000, 'log_exceptions': False}
DEBUG    c10d-NullHandler-dcp_logger:logger.py:104 {'checkpoint_id': '/private/var/folders/12/3pb2615n5wddcr6spjcz8_pw0000gn/T/pytest-of-0z5a/pytest-317/test_rejects_unbound_model_and0/signals-0/run/checkpoints/actor/iter_0000002', 'uuid': '106788998511803830872627280611333813731', 'func_name': 'finish_checkpoint', 'event': 'end', 'time': 1791215203339940000, 'log_exceptions': False, 'times_spent': 380000}
DEBUG    c10d-NullHandler-dcp_logger:logger.py:104 {'checkpoint_id': '/private/var/folders/12/3pb2615n5wddcr6spjcz8_pw0000gn/T/pytest-of-0z5a/pytest-317/test_rejects_unbound_model_and0/signals-0/run/checkpoints/actor/iter_0000002', 'uuid': '38371038913877565429868639425356173184', 'planner': 'DefaultSavePlanner', 'func_name': 'save', 'event': 'end', 'time': 1791215203339960000, 'log_exceptions': True, 'times_spent': 2246000}
_ ERROR at setup of test_rejects_unbound_model_and_publications[learning-model_bytes] _
tests/test_native_qualification_chain.py:83: in chain
    replace_digest(run, step, digest)
tests/test_native_qualification_chain.py:32: in replace_digest
    sample["recurrent_inputs"].publication_digest = digest
    ^^^^^^^^^^^^^^^^^^^^^^^^^^^^^^^^^^^^^^^^^^^^^
<string>:4: in __setattr__
    ???
E   dataclasses.FrozenInstanceError: cannot assign to field 'publication_digest'
------------------------------ Captured log setup ------------------------------
DEBUG    c10d-NullHandler-dcp_logger:logger.py:86 {'checkpoint_id': '/private/var/folders/12/3pb2615n5wddcr6spjcz8_pw0000gn/T/pytest-of-0z5a/pytest-317/test_rejects_unbound_model_and1/signals-0/run/checkpoints/actor/iter_0000000', 'uuid': '7764053796390879679759668729309282757', 'planner': 'DefaultSavePlanner', 'func_name': 'save', 'event': 'start', 'time': 1791215203441574000, 'log_exceptions': True}
DEBUG    c10d-NullHandler-dcp_logger:logger.py:86 {'checkpoint_id': None, 'uuid': '200460706781328659507460019805117744338', 'func_name': '_stateful_to_state_dict', 'event': 'start', 'time': 1791215203441699000, 'log_exceptions': True}
DEBUG    c10d-NullHandler-dcp_logger:logger.py:86 {'checkpoint_id': None, 'uuid': '66733971299618082286645517789864241223', 'func_name': '_stateful_to_state_dict.model.weight', 'event': 'start', 'time': 1791215203441739000, 'log_exceptions': True}
DEBUG    c10d-NullHandler-dcp_logger:logger.py:104 {'checkpoint_id': None, 'uuid': '66733971299618082286645517789864241223', 'func_name': '_stateful_to_state_dict.model.weight', 'event': 'end', 'time': 1791215203441799000, 'log_exceptions': True, 'times_spent': 59000}
DEBUG    c10d-NullHandler-dcp_logger:logger.py:86 {'checkpoint_id': None, 'uuid': '126509682833775011852850776389729636536', 'func_name': '_stateful_to_state_dict.optimizer.state.exp_avg.model.weight', 'event': 'start', 'time': 1791215203441844000, 'log_exceptions': True}
DEBUG    c10d-NullHandler-dcp_logger:logger.py:104 {'checkpoint_id': None, 'uuid': '126509682833775011852850776389729636536', 'func_name': '_stateful_to_state_dict.optimizer.state.exp_avg.model.weight', 'event': 'end', 'time': 1791215203441867000, 'log_exceptions': True, 'times_spent': 23000}
DEBUG    c10d-NullHandler-dcp_logger:logger.py:86 {'checkpoint_id': None, 'uuid': '324403212270337047368137716786632069531', 'func_name': '_stateful_to_state_dict.optimizer.state.exp_avg_sq.model.weight', 'event': 'start', 'time': 1791215203441890000, 'log_exceptions': True}
DEBUG    c10d-NullHandler-dcp_logger:logger.py:104 {'checkpoint_id': None, 'uuid': '324403212270337047368137716786632069531', 'func_name': '_stateful_to_state_dict.optimizer.state.exp_avg_sq.model.weight', 'event': 'end', 'time': 1791215203441952000, 'log_exceptions': True, 'times_spent': 62000}
DEBUG    c10d-NullHandler-dcp_logger:logger.py:86 {'checkpoint_id': None, 'uuid': '80498595345117100264783544528583148645', 'func_name': '_stateful_to_state_dict.rng_state/shard_0.0_1.1', 'event': 'start', 'time': 1791215203441992000, 'log_exceptions': True}
DEBUG    c10d-NullHandler-dcp_logger:logger.py:104 {'checkpoint_id': None, 'uuid': '80498595345117100264783544528583148645', 'func_name': '_stateful_to_state_dict.rng_state/shard_0.0_1.1', 'event': 'end', 'time': 1791215203442011000, 'log_exceptions': True, 'times_spent': 19000}
DEBUG    c10d-NullHandler-dcp_logger:logger.py:104 {'checkpoint_id': None, 'uuid': '200460706781328659507460019805117744338', 'func_name': '_stateful_to_state_dict', 'event': 'end', 'time': 1791215203442043000, 'log_exceptions': True, 'times_spent': 344000}
DEBUG    c10d-NullHandler-dcp_logger:logger.py:86 {'checkpoint_id': '/private/var/folders/12/3pb2615n5wddcr6spjcz8_pw0000gn/T/pytest-of-0z5a/pytest-317/test_rejects_unbound_model_and1/signals-0/run/checkpoints/actor/iter_0000000', 'uuid': '223915565590783929657403113030440943546', 'func_name': 'local_step', 'event': 'start', 'time': 1791215203442082000, 'log_exceptions': False}
DEBUG    c10d-NullHandler-dcp_logger:logger.py:104 {'checkpoint_id': '/private/var/folders/12/3pb2615n5wddcr6spjcz8_pw0000gn/T/pytest-of-0z5a/pytest-317/test_rejects_unbound_model_and1/signals-0/run/checkpoints/actor/iter_0000000', 'uuid': '223915565590783929657403113030440943546', 'func_name': 'local_step', 'event': 'end', 'time': 1791215203442250000, 'log_exceptions': False, 'times_spent': 168000}
DEBUG    c10d-NullHandler-dcp_logger:logger.py:86 {'checkpoint_id': '/private/var/folders/12/3pb2615n5wddcr6spjcz8_pw0000gn/T/pytest-of-0z5a/pytest-317/test_rejects_unbound_model_and1/signals-0/run/checkpoints/actor/iter_0000000', 'uuid': '134174122359992269485747885477273533091', 'func_name': 'global_step', 'event': 'start', 'time': 1791215203442279000, 'log_exceptions': False}
DEBUG    c10d-NullHandler-dcp_logger:logger.py:104 {'checkpoint_id': '/private/var/folders/12/3pb2615n5wddcr6spjcz8_pw0000gn/T/pytest-of-0z5a/pytest-317/test_rejects_unbound_model_and1/signals-0/run/checkpoints/actor/iter_0000000', 'uuid': '134174122359992269485747885477273533091', 'func_name': 'global_step', 'event': 'end', 'time': 1791215203442367000, 'log_exceptions': False, 'times_spent': 88000}
DEBUG    c10d-NullHandler-dcp_logger:logger.py:86 {'checkpoint_id': '/private/var/folders/12/3pb2615n5wddcr6spjcz8_pw0000gn/T/pytest-of-0z5a/pytest-317/test_rejects_unbound_model_and1/signals-0/run/checkpoints/actor/iter_0000000', 'uuid': '104019432538608200862116053949451895288', 'func_name': 'write_data', 'event': 'start', 'time': 1791215203442400000, 'log_exceptions': False}
DEBUG    c10d-NullHandler-dcp_logger:logger.py:104 {'checkpoint_id': '/private/var/folders/12/3pb2615n5wddcr6spjcz8_pw0000gn/T/pytest-of-0z5a/pytest-317/test_rejects_unbound_model_and1/signals-0/run/checkpoints/actor/iter_0000000', 'uuid': '104019432538608200862116053949451895288', 'func_name': 'write_data', 'event': 'end', 'time': 1791215203443194000, 'log_exceptions': False, 'times_spent': 794000}
DEBUG    c10d-NullHandler-dcp_logger:logger.py:86 {'checkpoint_id': '/private/var/folders/12/3pb2615n5wddcr6spjcz8_pw0000gn/T/pytest-of-0z5a/pytest-317/test_rejects_unbound_model_and1/signals-0/run/checkpoints/actor/iter_0000000', 'uuid': '269435777601139935390352724629370891704', 'func_name': 'finish_checkpoint', 'event': 'start', 'time': 1791215203443234000, 'log_exceptions': False}
DEBUG    c10d-NullHandler-dcp_logger:logger.py:104 {'checkpoint_id': '/private/var/folders/12/3pb2615n5wddcr6spjcz8_pw0000gn/T/pytest-of-0z5a/pytest-317/test_rejects_unbound_model_and1/signals-0/run/checkpoints/actor/iter_0000000', 'uuid': '269435777601139935390352724629370891704', 'func_name': 'finish_checkpoint', 'event': 'end', 'time': 1791215203443450000, 'log_exceptions': False, 'times_spent': 216000}
DEBUG    c10d-NullHandler-dcp_logger:logger.py:104 {'checkpoint_id': '/private/var/folders/12/3pb2615n5wddcr6spjcz8_pw0000gn/T/pytest-of-0z5a/pytest-317/test_rejects_unbound_model_and1/signals-0/run/checkpoints/actor/iter_0000000', 'uuid': '7764053796390879679759668729309282757', 'planner': 'DefaultSavePlanner', 'func_name': 'save', 'event': 'end', 'time': 1791215203443470000, 'log_exceptions': True, 'times_spent': 1896000}
DEBUG    c10d-NullHandler-dcp_logger:logger.py:86 {'checkpoint_id': '/private/var/folders/12/3pb2615n5wddcr6spjcz8_pw0000gn/T/pytest-of-0z5a/pytest-317/test_rejects_unbound_model_and1/signals-0/run/checkpoints/actor/iter_0000001', 'uuid': '52495886930262788461040955021357375414', 'planner': 'DefaultSavePlanner', 'func_name': 'save', 'event': 'start', 'time': 1791215203443957000, 'log_exceptions': True}
DEBUG    c10d-NullHandler-dcp_logger:logger.py:86 {'checkpoint_id': None, 'uuid': '246652005704741910448591740132870917457', 'func_name': '_stateful_to_state_dict', 'event': 'start', 'time': 1791215203443997000, 'log_exceptions': True}
DEBUG    c10d-NullHandler-dcp_logger:logger.py:86 {'checkpoint_id': None, 'uuid': '156147083367130028754968861424780202631', 'func_name': '_stateful_to_state_dict.model.weight', 'event': 'start', 'time': 1791215203444019000, 'log_exceptions': True}
DEBUG    c10d-NullHandler-dcp_logger:logger.py:104 {'checkpoint_id': None, 'uuid': '156147083367130028754968861424780202631', 'func_name': '_stateful_to_state_dict.model.weight', 'event': 'end', 'time': 1791215203444036000, 'log_exceptions': True, 'times_spent': 17000}
DEBUG    c10d-NullHandler-dcp_logger:logger.py:86 {'checkpoint_id': None, 'uuid': '49914683294082200685178601641872624679', 'func_name': '_stateful_to_state_dict.optimizer.state.exp_avg.model.weight', 'event': 'start', 'time': 1791215203444053000, 'log_exceptions': True}
DEBUG    c10d-NullHandler-dcp_logger:logger.py:104 {'checkpoint_id': None, 'uuid': '49914683294082200685178601641872624679', 'func_name': '_stateful_to_state_dict.optimizer.state.exp_avg.model.weight', 'event': 'end', 'time': 1791215203444067000, 'log_exceptions': True, 'times_spent': 14000}
DEBUG    c10d-NullHandler-dcp_logger:logger.py:86 {'checkpoint_id': None, 'uuid': '271356061939518529416815107520281383813', 'func_name': '_stateful_to_state_dict.optimizer.state.exp_avg_sq.model.weight', 'event': 'start', 'time': 1791215203444084000, 'log_exceptions': True}
DEBUG    c10d-NullHandler-dcp_logger:logger.py:104 {'checkpoint_id': None, 'uuid': '271356061939518529416815107520281383813', 'func_name': '_stateful_to_state_dict.optimizer.state.exp_avg_sq.model.weight', 'event': 'end', 'time': 1791215203444109000, 'log_exceptions': True, 'times_spent': 25000}
DEBUG    c10d-NullHandler-dcp_logger:logger.py:86 {'checkpoint_id': None, 'uuid': '219144028277099613187424928724617327860', 'func_name': '_stateful_to_state_dict.rng_state/shard_0.0_1.1', 'event': 'start', 'time': 1791215203444168000, 'log_exceptions': True}
DEBUG    c10d-NullHandler-dcp_logger:logger.py:104 {'checkpoint_id': None, 'uuid': '219144028277099613187424928724617327860', 'func_name': '_stateful_to_state_dict.rng_state/shard_0.0_1.1', 'event': 'end', 'time': 1791215203444195000, 'log_exceptions': True, 'times_spent': 27000}
DEBUG    c10d-NullHandler-dcp_logger:logger.py:104 {'checkpoint_id': None, 'uuid': '246652005704741910448591740132870917457', 'func_name': '_stateful_to_state_dict', 'event': 'end', 'time': 1791215203444208000, 'log_exceptions': True, 'times_spent': 211000}
DEBUG    c10d-NullHandler-dcp_logger:logger.py:86 {'checkpoint_id': '/private/var/folders/12/3pb2615n5wddcr6spjcz8_pw0000gn/T/pytest-of-0z5a/pytest-317/test_rejects_unbound_model_and1/signals-0/run/checkpoints/actor/iter_0000001', 'uuid': '21474415925653164291049125225115536221', 'func_name': 'local_step', 'event': 'start', 'time': 1791215203444239000, 'log_exceptions': False}
DEBUG    c10d-NullHandler-dcp_logger:logger.py:104 {'checkpoint_id': '/private/var/folders/12/3pb2615n5wddcr6spjcz8_pw0000gn/T/pytest-of-0z5a/pytest-317/test_rejects_unbound_model_and1/signals-0/run/checkpoints/actor/iter_0000001', 'uuid': '21474415925653164291049125225115536221', 'func_name': 'local_step', 'event': 'end', 'time': 1791215203444362000, 'log_exceptions': False, 'times_spent': 123000}
DEBUG    c10d-NullHandler-dcp_logger:logger.py:86 {'checkpoint_id': '/private/var/folders/12/3pb2615n5wddcr6spjcz8_pw0000gn/T/pytest-of-0z5a/pytest-317/test_rejects_unbound_model_and1/signals-0/run/checkpoints/actor/iter_0000001', 'uuid': '192629893516849775846112920920719787031', 'func_name': 'global_step', 'event': 'start', 'time': 1791215203444387000, 'log_exceptions': False}
DEBUG    c10d-NullHandler-dcp_logger:logger.py:104 {'checkpoint_id': '/private/var/folders/12/3pb2615n5wddcr6spjcz8_pw0000gn/T/pytest-of-0z5a/pytest-317/test_rejects_unbound_model_and1/signals-0/run/checkpoints/actor/iter_0000001', 'uuid': '192629893516849775846112920920719787031', 'func_name': 'global_step', 'event': 'end', 'time': 1791215203444449000, 'log_exceptions': False, 'times_spent': 62000}
DEBUG    c10d-NullHandler-dcp_logger:logger.py:86 {'checkpoint_id': '/private/var/folders/12/3pb2615n5wddcr6spjcz8_pw0000gn/T/pytest-of-0z5a/pytest-317/test_rejects_unbound_model_and1/signals-0/run/checkpoints/actor/iter_0000001', 'uuid': '52389976810329531228681924428494901390', 'func_name': 'write_data', 'event': 'start', 'time': 1791215203444486000, 'log_exceptions': False}
DEBUG    c10d-NullHandler-dcp_logger:logger.py:104 {'checkpoint_id': '/private/var/folders/12/3pb2615n5wddcr6spjcz8_pw0000gn/T/pytest-of-0z5a/pytest-317/test_rejects_unbound_model_and1/signals-0/run/checkpoints/actor/iter_0000001', 'uuid': '52389976810329531228681924428494901390', 'func_name': 'write_data', 'event': 'end', 'time': 1791215203445092000, 'log_exceptions': False, 'times_spent': 606000}
DEBUG    c10d-NullHandler-dcp_logger:logger.py:86 {'checkpoint_id': '/private/var/folders/12/3pb2615n5wddcr6spjcz8_pw0000gn/T/pytest-of-0z5a/pytest-317/test_rejects_unbound_model_and1/signals-0/run/checkpoints/actor/iter_0000001', 'uuid': '234352634731449385060177689289418343361', 'func_name': 'finish_checkpoint', 'event': 'start', 'time': 1791215203445128000, 'log_exceptions': False}
DEBUG    c10d-NullHandler-dcp_logger:logger.py:104 {'checkpoint_id': '/private/var/folders/12/3pb2615n5wddcr6spjcz8_pw0000gn/T/pytest-of-0z5a/pytest-317/test_rejects_unbound_model_and1/signals-0/run/checkpoints/actor/iter_0000001', 'uuid': '234352634731449385060177689289418343361', 'func_name': 'finish_checkpoint', 'event': 'end', 'time': 1791215203445361000, 'log_exceptions': False, 'times_spent': 233000}
DEBUG    c10d-NullHandler-dcp_logger:logger.py:104 {'checkpoint_id': '/private/var/folders/12/3pb2615n5wddcr6spjcz8_pw0000gn/T/pytest-of-0z5a/pytest-317/test_rejects_unbound_model_and1/signals-0/run/checkpoints/actor/iter_0000001', 'uuid': '52495886930262788461040955021357375414', 'planner': 'DefaultSavePlanner', 'func_name': 'save', 'event': 'end', 'time': 1791215203445381000, 'log_exceptions': True, 'times_spent': 1424000}
DEBUG    c10d-NullHandler-dcp_logger:logger.py:86 {'checkpoint_id': '/private/var/folders/12/3pb2615n5wddcr6spjcz8_pw0000gn/T/pytest-of-0z5a/pytest-317/test_rejects_unbound_model_and1/signals-0/run/checkpoints/actor/iter_0000002', 'uuid': '293182253669762475429205268235823744187', 'planner': 'DefaultSavePlanner', 'func_name': 'save', 'event': 'start', 'time': 1791215203445933000, 'log_exceptions': True}
DEBUG    c10d-NullHandler-dcp_logger:logger.py:86 {'checkpoint_id': None, 'uuid': '273958584473696073317174441729168573688', 'func_name': '_stateful_to_state_dict', 'event': 'start', 'time': 1791215203446000000, 'log_exceptions': True}
DEBUG    c10d-NullHandler-dcp_logger:logger.py:86 {'checkpoint_id': None, 'uuid': '253799759589198423761700194180672728465', 'func_name': '_stateful_to_state_dict.model.weight', 'event': 'start', 'time': 1791215203446072000, 'log_exceptions': True}
DEBUG    c10d-NullHandler-dcp_logger:logger.py:104 {'checkpoint_id': None, 'uuid': '253799759589198423761700194180672728465', 'func_name': '_stateful_to_state_dict.model.weight', 'event': 'end', 'time': 1791215203446097000, 'log_exceptions': True, 'times_spent': 25000}
DEBUG    c10d-NullHandler-dcp_logger:logger.py:86 {'checkpoint_id': None, 'uuid': '183809581274844356674207381640792775263', 'func_name': '_stateful_to_state_dict.optimizer.state.exp_avg.model.weight', 'event': 'start', 'time': 1791215203446119000, 'log_exceptions': True}
DEBUG    c10d-NullHandler-dcp_logger:logger.py:104 {'checkpoint_id': None, 'uuid': '183809581274844356674207381640792775263', 'func_name': '_stateful_to_state_dict.optimizer.state.exp_avg.model.weight', 'event': 'end', 'time': 1791215203446133000, 'log_exceptions': True, 'times_spent': 14000}
DEBUG    c10d-NullHandler-dcp_logger:logger.py:86 {'checkpoint_id': None, 'uuid': '324100554928402612896405433549985945386', 'func_name': '_stateful_to_state_dict.optimizer.state.exp_avg_sq.model.weight', 'event': 'start', 'time': 1791215203446150000, 'log_exceptions': True}
DEBUG    c10d-NullHandler-dcp_logger:logger.py:104 {'checkpoint_id': None, 'uuid': '324100554928402612896405433549985945386', 'func_name': '_stateful_to_state_dict.optimizer.state.exp_avg_sq.model.weight', 'event': 'end', 'time': 1791215203446162000, 'log_exceptions': True, 'times_spent': 12000}
DEBUG    c10d-NullHandler-dcp_logger:logger.py:86 {'checkpoint_id': None, 'uuid': '274116283468240144251670738087323947375', 'func_name': '_stateful_to_state_dict.rng_state/shard_0.0_1.1', 'event': 'start', 'time': 1791215203446177000, 'log_exceptions': True}
DEBUG    c10d-NullHandler-dcp_logger:logger.py:104 {'checkpoint_id': None, 'uuid': '274116283468240144251670738087323947375', 'func_name': '_stateful_to_state_dict.rng_state/shard_0.0_1.1', 'event': 'end', 'time': 1791215203446219000, 'log_exceptions': True, 'times_spent': 42000}
DEBUG    c10d-NullHandler-dcp_logger:logger.py:104 {'checkpoint_id': None, 'uuid': '273958584473696073317174441729168573688', 'func_name': '_stateful_to_state_dict', 'event': 'end', 'time': 1791215203446237000, 'log_exceptions': True, 'times_spent': 237000}
DEBUG    c10d-NullHandler-dcp_logger:logger.py:86 {'checkpoint_id': '/private/var/folders/12/3pb2615n5wddcr6spjcz8_pw0000gn/T/pytest-of-0z5a/pytest-317/test_rejects_unbound_model_and1/signals-0/run/checkpoints/actor/iter_0000002', 'uuid': '161027261604610455221589080445541905563', 'func_name': 'local_step', 'event': 'start', 'time': 1791215203446260000, 'log_exceptions': False}
DEBUG    c10d-NullHandler-dcp_logger:logger.py:104 {'checkpoint_id': '/private/var/folders/12/3pb2615n5wddcr6spjcz8_pw0000gn/T/pytest-of-0z5a/pytest-317/test_rejects_unbound_model_and1/signals-0/run/checkpoints/actor/iter_0000002', 'uuid': '161027261604610455221589080445541905563', 'func_name': 'local_step', 'event': 'end', 'time': 1791215203446439000, 'log_exceptions': False, 'times_spent': 179000}
DEBUG    c10d-NullHandler-dcp_logger:logger.py:86 {'checkpoint_id': '/private/var/folders/12/3pb2615n5wddcr6spjcz8_pw0000gn/T/pytest-of-0z5a/pytest-317/test_rejects_unbound_model_and1/signals-0/run/checkpoints/actor/iter_0000002', 'uuid': '279065144940503653268855651163375401033', 'func_name': 'global_step', 'event': 'start', 'time': 1791215203446462000, 'log_exceptions': False}
DEBUG    c10d-NullHandler-dcp_logger:logger.py:104 {'checkpoint_id': '/private/var/folders/12/3pb2615n5wddcr6spjcz8_pw0000gn/T/pytest-of-0z5a/pytest-317/test_rejects_unbound_model_and1/signals-0/run/checkpoints/actor/iter_0000002', 'uuid': '279065144940503653268855651163375401033', 'func_name': 'global_step', 'event': 'end', 'time': 1791215203446530000, 'log_exceptions': False, 'times_spent': 68000}
DEBUG    c10d-NullHandler-dcp_logger:logger.py:86 {'checkpoint_id': '/private/var/folders/12/3pb2615n5wddcr6spjcz8_pw0000gn/T/pytest-of-0z5a/pytest-317/test_rejects_unbound_model_and1/signals-0/run/checkpoints/actor/iter_0000002', 'uuid': '63993695020386884476434029483934388455', 'func_name': 'write_data', 'event': 'start', 'time': 1791215203446574000, 'log_exceptions': False}
DEBUG    c10d-NullHandler-dcp_logger:logger.py:104 {'checkpoint_id': '/private/var/folders/12/3pb2615n5wddcr6spjcz8_pw0000gn/T/pytest-of-0z5a/pytest-317/test_rejects_unbound_model_and1/signals-0/run/checkpoints/actor/iter_0000002', 'uuid': '63993695020386884476434029483934388455', 'func_name': 'write_data', 'event': 'end', 'time': 1791215203447207000, 'log_exceptions': False, 'times_spent': 633000}
DEBUG    c10d-NullHandler-dcp_logger:logger.py:86 {'checkpoint_id': '/private/var/folders/12/3pb2615n5wddcr6spjcz8_pw0000gn/T/pytest-of-0z5a/pytest-317/test_rejects_unbound_model_and1/signals-0/run/checkpoints/actor/iter_0000002', 'uuid': '225213295226485650187811504285700246647', 'func_name': 'finish_checkpoint', 'event': 'start', 'time': 1791215203447246000, 'log_exceptions': False}
DEBUG    c10d-NullHandler-dcp_logger:logger.py:104 {'checkpoint_id': '/private/var/folders/12/3pb2615n5wddcr6spjcz8_pw0000gn/T/pytest-of-0z5a/pytest-317/test_rejects_unbound_model_and1/signals-0/run/checkpoints/actor/iter_0000002', 'uuid': '225213295226485650187811504285700246647', 'func_name': 'finish_checkpoint', 'event': 'end', 'time': 1791215203447464000, 'log_exceptions': False, 'times_spent': 218000}
DEBUG    c10d-NullHandler-dcp_logger:logger.py:104 {'checkpoint_id': '/private/var/folders/12/3pb2615n5wddcr6spjcz8_pw0000gn/T/pytest-of-0z5a/pytest-317/test_rejects_unbound_model_and1/signals-0/run/checkpoints/actor/iter_0000002', 'uuid': '293182253669762475429205268235823744187', 'planner': 'DefaultSavePlanner', 'func_name': 'save', 'event': 'end', 'time': 1791215203447489000, 'log_exceptions': True, 'times_spent': 1556000}
_ ERROR at setup of test_rejects_unbound_model_and_publications[learning-tokenizer_bytes] _
tests/test_native_qualification_chain.py:83: in chain
    replace_digest(run, step, digest)
tests/test_native_qualification_chain.py:32: in replace_digest
    sample["recurrent_inputs"].publication_digest = digest
    ^^^^^^^^^^^^^^^^^^^^^^^^^^^^^^^^^^^^^^^^^^^^^
<string>:4: in __setattr__
    ???
E   dataclasses.FrozenInstanceError: cannot assign to field 'publication_digest'
------------------------------ Captured log setup ------------------------------
DEBUG    c10d-NullHandler-dcp_logger:logger.py:86 {'checkpoint_id': '/private/var/folders/12/3pb2615n5wddcr6spjcz8_pw0000gn/T/pytest-of-0z5a/pytest-317/test_rejects_unbound_model_and2/signals-0/run/checkpoints/actor/iter_0000000', 'uuid': '253257946711091004746176247352601926241', 'planner': 'DefaultSavePlanner', 'func_name': 'save', 'event': 'start', 'time': 1791215203558132000, 'log_exceptions': True}
DEBUG    c10d-NullHandler-dcp_logger:logger.py:86 {'checkpoint_id': None, 'uuid': '291330708238935742677638987915997975527', 'func_name': '_stateful_to_state_dict', 'event': 'start', 'time': 1791215203558407000, 'log_exceptions': True}
DEBUG    c10d-NullHandler-dcp_logger:logger.py:86 {'checkpoint_id': None, 'uuid': '196567329247370090163173809080506884684', 'func_name': '_stateful_to_state_dict.model.weight', 'event': 'start', 'time': 1791215203558503000, 'log_exceptions': True}
DEBUG    c10d-NullHandler-dcp_logger:logger.py:104 {'checkpoint_id': None, 'uuid': '196567329247370090163173809080506884684', 'func_name': '_stateful_to_state_dict.model.weight', 'event': 'end', 'time': 1791215203558575000, 'log_exceptions': True, 'times_spent': 72000}
DEBUG    c10d-NullHandler-dcp_logger:logger.py:86 {'checkpoint_id': None, 'uuid': '247749601807127333473542489089659952487', 'func_name': '_stateful_to_state_dict.optimizer.state.exp_avg.model.weight', 'event': 'start', 'time': 1791215203558612000, 'log_exceptions': True}
DEBUG    c10d-NullHandler-dcp_logger:logger.py:104 {'checkpoint_id': None, 'uuid': '247749601807127333473542489089659952487', 'func_name': '_stateful_to_state_dict.optimizer.state.exp_avg.model.weight', 'event': 'end', 'time': 1791215203558653000, 'log_exceptions': True, 'times_spent': 41000}
DEBUG    c10d-NullHandler-dcp_logger:logger.py:86 {'checkpoint_id': None, 'uuid': '15355538732274196284982687523973206059', 'func_name': '_stateful_to_state_dict.optimizer.state.exp_avg_sq.model.weight', 'event': 'start', 'time': 1791215203558675000, 'log_exceptions': True}
DEBUG    c10d-NullHandler-dcp_logger:logger.py:104 {'checkpoint_id': None, 'uuid': '15355538732274196284982687523973206059', 'func_name': '_stateful_to_state_dict.optimizer.state.exp_avg_sq.model.weight', 'event': 'end', 'time': 1791215203558690000, 'log_exceptions': True, 'times_spent': 15000}
DEBUG    c10d-NullHandler-dcp_logger:logger.py:86 {'checkpoint_id': None, 'uuid': '1066071285299589765108672220933846335', 'func_name': '_stateful_to_state_dict.rng_state/shard_0.0_1.1', 'event': 'start', 'time': 1791215203558743000, 'log_exceptions': True}
DEBUG    c10d-NullHandler-dcp_logger:logger.py:104 {'checkpoint_id': None, 'uuid': '1066071285299589765108672220933846335', 'func_name': '_stateful_to_state_dict.rng_state/shard_0.0_1.1', 'event': 'end', 'time': 1791215203558771000, 'log_exceptions': True, 'times_spent': 28000}
DEBUG    c10d-NullHandler-dcp_logger:logger.py:104 {'checkpoint_id': None, 'uuid': '291330708238935742677638987915997975527', 'func_name': '_stateful_to_state_dict', 'event': 'end', 'time': 1791215203558786000, 'log_exceptions': True, 'times_spent': 379000}
DEBUG    c10d-NullHandler-dcp_logger:logger.py:86 {'checkpoint_id': '/private/var/folders/12/3pb2615n5wddcr6spjcz8_pw0000gn/T/pytest-of-0z5a/pytest-317/test_rejects_unbound_model_and2/signals-0/run/checkpoints/actor/iter_0000000', 'uuid': '69810239152509635983699573912409664070', 'func_name': 'local_step', 'event': 'start', 'time': 1791215203558820000, 'log_exceptions': False}
DEBUG    c10d-NullHandler-dcp_logger:logger.py:104 {'checkpoint_id': '/private/var/folders/12/3pb2615n5wddcr6spjcz8_pw0000gn/T/pytest-of-0z5a/pytest-317/test_rejects_unbound_model_and2/signals-0/run/checkpoints/actor/iter_0000000', 'uuid': '69810239152509635983699573912409664070', 'func_name': 'local_step', 'event': 'end', 'time': 1791215203559060000, 'log_exceptions': False, 'times_spent': 240000}
DEBUG    c10d-NullHandler-dcp_logger:logger.py:86 {'checkpoint_id': '/private/var/folders/12/3pb2615n5wddcr6spjcz8_pw0000gn/T/pytest-of-0z5a/pytest-317/test_rejects_unbound_model_and2/signals-0/run/checkpoints/actor/iter_0000000', 'uuid': '300421989532271070105492004232552366912', 'func_name': 'global_step', 'event': 'start', 'time': 1791215203559118000, 'log_exceptions': False}
DEBUG    c10d-NullHandler-dcp_logger:logger.py:104 {'checkpoint_id': '/private/var/folders/12/3pb2615n5wddcr6spjcz8_pw0000gn/T/pytest-of-0z5a/pytest-317/test_rejects_unbound_model_and2/signals-0/run/checkpoints/actor/iter_0000000', 'uuid': '300421989532271070105492004232552366912', 'func_name': 'global_step', 'event': 'end', 'time': 1791215203559271000, 'log_exceptions': False, 'times_spent': 153000}
DEBUG    c10d-NullHandler-dcp_logger:logger.py:86 {'checkpoint_id': '/private/var/folders/12/3pb2615n5wddcr6spjcz8_pw0000gn/T/pytest-of-0z5a/pytest-317/test_rejects_unbound_model_and2/signals-0/run/checkpoints/actor/iter_0000000', 'uuid': '54546600450812393383776605835727481640', 'func_name': 'write_data', 'event': 'start', 'time': 1791215203559304000, 'log_exceptions': False}
DEBUG    c10d-NullHandler-dcp_logger:logger.py:104 {'checkpoint_id': '/private/var/folders/12/3pb2615n5wddcr6spjcz8_pw0000gn/T/pytest-of-0z5a/pytest-317/test_rejects_unbound_model_and2/signals-0/run/checkpoints/actor/iter_0000000', 'uuid': '54546600450812393383776605835727481640', 'func_name': 'write_data', 'event': 'end', 'time': 1791215203560252000, 'log_exceptions': False, 'times_spent': 948000}
DEBUG    c10d-NullHandler-dcp_logger:logger.py:86 {'checkpoint_id': '/private/var/folders/12/3pb2615n5wddcr6spjcz8_pw0000gn/T/pytest-of-0z5a/pytest-317/test_rejects_unbound_model_and2/signals-0/run/checkpoints/actor/iter_0000000', 'uuid': '284775489633627410606671672070057097671', 'func_name': 'finish_checkpoint', 'event': 'start', 'time': 1791215203560352000, 'log_exceptions': False}
DEBUG    c10d-NullHandler-dcp_logger:logger.py:104 {'checkpoint_id': '/private/var/folders/12/3pb2615n5wddcr6spjcz8_pw0000gn/T/pytest-of-0z5a/pytest-317/test_rejects_unbound_model_and2/signals-0/run/checkpoints/actor/iter_0000000', 'uuid': '284775489633627410606671672070057097671', 'func_name': 'finish_checkpoint', 'event': 'end', 'time': 1791215203560705000, 'log_exceptions': False, 'times_spent': 353000}
DEBUG    c10d-NullHandler-dcp_logger:logger.py:104 {'checkpoint_id': '/private/var/folders/12/3pb2615n5wddcr6spjcz8_pw0000gn/T/pytest-of-0z5a/pytest-317/test_rejects_unbound_model_and2/signals-0/run/checkpoints/actor/iter_0000000', 'uuid': '253257946711091004746176247352601926241', 'planner': 'DefaultSavePlanner', 'func_name': 'save', 'event': 'end', 'time': 1791215203560732000, 'log_exceptions': True, 'times_spent': 2600000}
DEBUG    c10d-NullHandler-dcp_logger:logger.py:86 {'checkpoint_id': '/private/var/folders/12/3pb2615n5wddcr6spjcz8_pw0000gn/T/pytest-of-0z5a/pytest-317/test_rejects_unbound_model_and2/signals-0/run/checkpoints/actor/iter_0000001', 'uuid': '10316342814560592960746951989553985298', 'planner': 'DefaultSavePlanner', 'func_name': 'save', 'event': 'start', 'time': 1791215203561514000, 'log_exceptions': True}
DEBUG    c10d-NullHandler-dcp_logger:logger.py:86 {'checkpoint_id': None, 'uuid': '302911640369085174459496447575542073006', 'func_name': '_stateful_to_state_dict', 'event': 'start', 'time': 1791215203561572000, 'log_exceptions': True}
DEBUG    c10d-NullHandler-dcp_logger:logger.py:86 {'checkpoint_id': None, 'uuid': '241960695439440871715033204043419686466', 'func_name': '_stateful_to_state_dict.model.weight', 'event': 'start', 'time': 1791215203561616000, 'log_exceptions': True}
DEBUG    c10d-NullHandler-dcp_logger:logger.py:104 {'checkpoint_id': None, 'uuid': '241960695439440871715033204043419686466', 'func_name': '_stateful_to_state_dict.model.weight', 'event': 'end', 'time': 1791215203561640000, 'log_exceptions': True, 'times_spent': 24000}
DEBUG    c10d-NullHandler-dcp_logger:logger.py:86 {'checkpoint_id': None, 'uuid': '164133464303093389601639235468372390749', 'func_name': '_stateful_to_state_dict.optimizer.state.exp_avg.model.weight', 'event': 'start', 'time': 1791215203561669000, 'log_exceptions': True}
DEBUG    c10d-NullHandler-dcp_logger:logger.py:104 {'checkpoint_id': None, 'uuid': '164133464303093389601639235468372390749', 'func_name': '_stateful_to_state_dict.optimizer.state.exp_avg.model.weight', 'event': 'end', 'time': 1791215203561686000, 'log_exceptions': True, 'times_spent': 17000}
DEBUG    c10d-NullHandler-dcp_logger:logger.py:86 {'checkpoint_id': None, 'uuid': '189243688027861180308281551757635652104', 'func_name': '_stateful_to_state_dict.optimizer.state.exp_avg_sq.model.weight', 'event': 'start', 'time': 1791215203561708000, 'log_exceptions': True}
DEBUG    c10d-NullHandler-dcp_logger:logger.py:104 {'checkpoint_id': None, 'uuid': '189243688027861180308281551757635652104', 'func_name': '_stateful_to_state_dict.optimizer.state.exp_avg_sq.model.weight', 'event': 'end', 'time': 1791215203561721000, 'log_exceptions': True, 'times_spent': 12000}
DEBUG    c10d-NullHandler-dcp_logger:logger.py:86 {'checkpoint_id': None, 'uuid': '28752015755590024269070138628116533431', 'func_name': '_stateful_to_state_dict.rng_state/shard_0.0_1.1', 'event': 'start', 'time': 1791215203561735000, 'log_exceptions': True}
DEBUG    c10d-NullHandler-dcp_logger:logger.py:104 {'checkpoint_id': None, 'uuid': '28752015755590024269070138628116533431', 'func_name': '_stateful_to_state_dict.rng_state/shard_0.0_1.1', 'event': 'end', 'time': 1791215203561756000, 'log_exceptions': True, 'times_spent': 21000}
DEBUG    c10d-NullHandler-dcp_logger:logger.py:104 {'checkpoint_id': None, 'uuid': '302911640369085174459496447575542073006', 'func_name': '_stateful_to_state_dict', 'event': 'end', 'time': 1791215203561776000, 'log_exceptions': True, 'times_spent': 204000}
DEBUG    c10d-NullHandler-dcp_logger:logger.py:86 {'checkpoint_id': '/private/var/folders/12/3pb2615n5wddcr6spjcz8_pw0000gn/T/pytest-of-0z5a/pytest-317/test_rejects_unbound_model_and2/signals-0/run/checkpoints/actor/iter_0000001', 'uuid': '160739270537541346070413998035315741475', 'func_name': 'local_step', 'event': 'start', 'time': 1791215203561806000, 'log_exceptions': False}
DEBUG    c10d-NullHandler-dcp_logger:logger.py:104 {'checkpoint_id': '/private/var/folders/12/3pb2615n5wddcr6spjcz8_pw0000gn/T/pytest-of-0z5a/pytest-317/test_rejects_unbound_model_and2/signals-0/run/checkpoints/actor/iter_0000001', 'uuid': '160739270537541346070413998035315741475', 'func_name': 'local_step', 'event': 'end', 'time': 1791215203561943000, 'log_exceptions': False, 'times_spent': 137000}
DEBUG    c10d-NullHandler-dcp_logger:logger.py:86 {'checkpoint_id': '/private/var/folders/12/3pb2615n5wddcr6spjcz8_pw0000gn/T/pytest-of-0z5a/pytest-317/test_rejects_unbound_model_and2/signals-0/run/checkpoints/actor/iter_0000001', 'uuid': '50878413524170088262561089079868950928', 'func_name': 'global_step', 'event': 'start', 'time': 1791215203561985000, 'log_exceptions': False}
DEBUG    c10d-NullHandler-dcp_logger:logger.py:104 {'checkpoint_id': '/private/var/folders/12/3pb2615n5wddcr6spjcz8_pw0000gn/T/pytest-of-0z5a/pytest-317/test_rejects_unbound_model_and2/signals-0/run/checkpoints/actor/iter_0000001', 'uuid': '50878413524170088262561089079868950928', 'func_name': 'global_step', 'event': 'end', 'time': 1791215203562051000, 'log_exceptions': False, 'times_spent': 66000}
DEBUG    c10d-NullHandler-dcp_logger:logger.py:86 {'checkpoint_id': '/private/var/folders/12/3pb2615n5wddcr6spjcz8_pw0000gn/T/pytest-of-0z5a/pytest-317/test_rejects_unbound_model_and2/signals-0/run/checkpoints/actor/iter_0000001', 'uuid': '96236192627308598989990965896924642131', 'func_name': 'write_data', 'event': 'start', 'time': 1791215203562085000, 'log_exceptions': False}
DEBUG    c10d-NullHandler-dcp_logger:logger.py:104 {'checkpoint_id': '/private/var/folders/12/3pb2615n5wddcr6spjcz8_pw0000gn/T/pytest-of-0z5a/pytest-317/test_rejects_unbound_model_and2/signals-0/run/checkpoints/actor/iter_0000001', 'uuid': '96236192627308598989990965896924642131', 'func_name': 'write_data', 'event': 'end', 'time': 1791215203562732000, 'log_exceptions': False, 'times_spent': 647000}
DEBUG    c10d-NullHandler-dcp_logger:logger.py:86 {'checkpoint_id': '/private/var/folders/12/3pb2615n5wddcr6spjcz8_pw0000gn/T/pytest-of-0z5a/pytest-317/test_rejects_unbound_model_and2/signals-0/run/checkpoints/actor/iter_0000001', 'uuid': '24354709937052349558155709619663862261', 'func_name': 'finish_checkpoint', 'event': 'start', 'time': 1791215203562763000, 'log_exceptions': False}
DEBUG    c10d-NullHandler-dcp_logger:logger.py:104 {'checkpoint_id': '/private/var/folders/12/3pb2615n5wddcr6spjcz8_pw0000gn/T/pytest-of-0z5a/pytest-317/test_rejects_unbound_model_and2/signals-0/run/checkpoints/actor/iter_0000001', 'uuid': '24354709937052349558155709619663862261', 'func_name': 'finish_checkpoint', 'event': 'end', 'time': 1791215203563028000, 'log_exceptions': False, 'times_spent': 265000}
DEBUG    c10d-NullHandler-dcp_logger:logger.py:104 {'checkpoint_id': '/private/var/folders/12/3pb2615n5wddcr6spjcz8_pw0000gn/T/pytest-of-0z5a/pytest-317/test_rejects_unbound_model_and2/signals-0/run/checkpoints/actor/iter_0000001', 'uuid': '10316342814560592960746951989553985298', 'planner': 'DefaultSavePlanner', 'func_name': 'save', 'event': 'end', 'time': 1791215203563051000, 'log_exceptions': True, 'times_spent': 1537000}
DEBUG    c10d-NullHandler-dcp_logger:logger.py:86 {'checkpoint_id': '/private/var/folders/12/3pb2615n5wddcr6spjcz8_pw0000gn/T/pytest-of-0z5a/pytest-317/test_rejects_unbound_model_and2/signals-0/run/checkpoints/actor/iter_0000002', 'uuid': '206037341164902606382068674272783184864', 'planner': 'DefaultSavePlanner', 'func_name': 'save', 'event': 'start', 'time': 1791215203563687000, 'log_exceptions': True}
DEBUG    c10d-NullHandler-dcp_logger:logger.py:86 {'checkpoint_id': None, 'uuid': '192662253404842502492733125147429308507', 'func_name': '_stateful_to_state_dict', 'event': 'start', 'time': 1791215203563728000, 'log_exceptions': True}
DEBUG    c10d-NullHandler-dcp_logger:logger.py:86 {'checkpoint_id': None, 'uuid': '196146492310023848355683407775793519131', 'func_name': '_stateful_to_state_dict.model.weight', 'event': 'start', 'time': 1791215203563763000, 'log_exceptions': True}
DEBUG    c10d-NullHandler-dcp_logger:logger.py:104 {'checkpoint_id': None, 'uuid': '196146492310023848355683407775793519131', 'func_name': '_stateful_to_state_dict.model.weight', 'event': 'end', 'time': 1791215203563786000, 'log_exceptions': True, 'times_spent': 23000}
DEBUG    c10d-NullHandler-dcp_logger:logger.py:86 {'checkpoint_id': None, 'uuid': '305107695829454834885660196808296853378', 'func_name': '_stateful_to_state_dict.optimizer.state.exp_avg.model.weight', 'event': 'start', 'time': 1791215203563805000, 'log_exceptions': True}
DEBUG    c10d-NullHandler-dcp_logger:logger.py:104 {'checkpoint_id': None, 'uuid': '305107695829454834885660196808296853378', 'func_name': '_stateful_to_state_dict.optimizer.state.exp_avg.model.weight', 'event': 'end', 'time': 1791215203563830000, 'log_exceptions': True, 'times_spent': 25000}
DEBUG    c10d-NullHandler-dcp_logger:logger.py:86 {'checkpoint_id': None, 'uuid': '166207490757888998147788678040579116973', 'func_name': '_stateful_to_state_dict.optimizer.state.exp_avg_sq.model.weight', 'event': 'start', 'time': 1791215203563866000, 'log_exceptions': True}
DEBUG    c10d-NullHandler-dcp_logger:logger.py:104 {'checkpoint_id': None, 'uuid': '166207490757888998147788678040579116973', 'func_name': '_stateful_to_state_dict.optimizer.state.exp_avg_sq.model.weight', 'event': 'end', 'time': 1791215203563881000, 'log_exceptions': True, 'times_spent': 15000}
DEBUG    c10d-NullHandler-dcp_logger:logger.py:86 {'checkpoint_id': None, 'uuid': '88911318294086045890032020044325162297', 'func_name': '_stateful_to_state_dict.rng_state/shard_0.0_1.1', 'event': 'start', 'time': 1791215203563904000, 'log_exceptions': True}
DEBUG    c10d-NullHandler-dcp_logger:logger.py:104 {'checkpoint_id': None, 'uuid': '88911318294086045890032020044325162297', 'func_name': '_stateful_to_state_dict.rng_state/shard_0.0_1.1', 'event': 'end', 'time': 1791215203563922000, 'log_exceptions': True, 'times_spent': 18000}
DEBUG    c10d-NullHandler-dcp_logger:logger.py:104 {'checkpoint_id': None, 'uuid': '192662253404842502492733125147429308507', 'func_name': '_stateful_to_state_dict', 'event': 'end', 'time': 1791215203563933000, 'log_exceptions': True, 'times_spent': 205000}
DEBUG    c10d-NullHandler-dcp_logger:logger.py:86 {'checkpoint_id': '/private/var/folders/12/3pb2615n5wddcr6spjcz8_pw0000gn/T/pytest-of-0z5a/pytest-317/test_rejects_unbound_model_and2/signals-0/run/checkpoints/actor/iter_0000002', 'uuid': '322867210458215868486060578461588711977', 'func_name': 'local_step', 'event': 'start', 'time': 1791215203563955000, 'log_exceptions': False}
DEBUG    c10d-NullHandler-dcp_logger:logger.py:104 {'checkpoint_id': '/private/var/folders/12/3pb2615n5wddcr6spjcz8_pw0000gn/T/pytest-of-0z5a/pytest-317/test_rejects_unbound_model_and2/signals-0/run/checkpoints/actor/iter_0000002', 'uuid': '322867210458215868486060578461588711977', 'func_name': 'local_step', 'event': 'end', 'time': 1791215203564117000, 'log_exceptions': False, 'times_spent': 162000}
DEBUG    c10d-NullHandler-dcp_logger:logger.py:86 {'checkpoint_id': '/private/var/folders/12/3pb2615n5wddcr6spjcz8_pw0000gn/T/pytest-of-0z5a/pytest-317/test_rejects_unbound_model_and2/signals-0/run/checkpoints/actor/iter_0000002', 'uuid': '5718595403397476375460501936275898628', 'func_name': 'global_step', 'event': 'start', 'time': 1791215203564139000, 'log_exceptions': False}
DEBUG    c10d-NullHandler-dcp_logger:logger.py:104 {'checkpoint_id': '/private/var/folders/12/3pb2615n5wddcr6spjcz8_pw0000gn/T/pytest-of-0z5a/pytest-317/test_rejects_unbound_model_and2/signals-0/run/checkpoints/actor/iter_0000002', 'uuid': '5718595403397476375460501936275898628', 'func_name': 'global_step', 'event': 'end', 'time': 1791215203564179000, 'log_exceptions': False, 'times_spent': 40000}
DEBUG    c10d-NullHandler-dcp_logger:logger.py:86 {'checkpoint_id': '/private/var/folders/12/3pb2615n5wddcr6spjcz8_pw0000gn/T/pytest-of-0z5a/pytest-317/test_rejects_unbound_model_and2/signals-0/run/checkpoints/actor/iter_0000002', 'uuid': '330203124152988267150348493509599424159', 'func_name': 'write_data', 'event': 'start', 'time': 1791215203564205000, 'log_exceptions': False}
DEBUG    c10d-NullHandler-dcp_logger:logger.py:104 {'checkpoint_id': '/private/var/folders/12/3pb2615n5wddcr6spjcz8_pw0000gn/T/pytest-of-0z5a/pytest-317/test_rejects_unbound_model_and2/signals-0/run/checkpoints/actor/iter_0000002', 'uuid': '330203124152988267150348493509599424159', 'func_name': 'write_data', 'event': 'end', 'time': 1791215203564963000, 'log_exceptions': False, 'times_spent': 758000}
DEBUG    c10d-NullHandler-dcp_logger:logger.py:86 {'checkpoint_id': '/private/var/folders/12/3pb2615n5wddcr6spjcz8_pw0000gn/T/pytest-of-0z5a/pytest-317/test_rejects_unbound_model_and2/signals-0/run/checkpoints/actor/iter_0000002', 'uuid': '308988720564544559222070182026925000414', 'func_name': 'finish_checkpoint', 'event': 'start', 'time': 1791215203564994000, 'log_exceptions': False}
DEBUG    c10d-NullHandler-dcp_logger:logger.py:104 {'checkpoint_id': '/private/var/folders/12/3pb2615n5wddcr6spjcz8_pw0000gn/T/pytest-of-0z5a/pytest-317/test_rejects_unbound_model_and2/signals-0/run/checkpoints/actor/iter_0000002', 'uuid': '308988720564544559222070182026925000414', 'func_name': 'finish_checkpoint', 'event': 'end', 'time': 1791215203565253000, 'log_exceptions': False, 'times_spent': 259000}
DEBUG    c10d-NullHandler-dcp_logger:logger.py:104 {'checkpoint_id': '/private/var/folders/12/3pb2615n5wddcr6spjcz8_pw0000gn/T/pytest-of-0z5a/pytest-317/test_rejects_unbound_model_and2/signals-0/run/checkpoints/actor/iter_0000002', 'uuid': '206037341164902606382068674272783184864', 'planner': 'DefaultSavePlanner', 'func_name': 'save', 'event': 'end', 'time': 1791215203565320000, 'log_exceptions': True, 'times_spent': 1633000}
_ ERROR at setup of test_rejects_unbound_model_and_publications[learning-publication_bytes] _
tests/test_native_qualification_chain.py:83: in chain
    replace_digest(run, step, digest)
tests/test_native_qualification_chain.py:32: in replace_digest
    sample["recurrent_inputs"].publication_digest = digest
    ^^^^^^^^^^^^^^^^^^^^^^^^^^^^^^^^^^^^^^^^^^^^^
<string>:4: in __setattr__
    ???
E   dataclasses.FrozenInstanceError: cannot assign to field 'publication_digest'
------------------------------ Captured log setup ------------------------------
DEBUG    c10d-NullHandler-dcp_logger:logger.py:86 {'checkpoint_id': '/private/var/folders/12/3pb2615n5wddcr6spjcz8_pw0000gn/T/pytest-of-0z5a/pytest-317/test_rejects_unbound_model_and3/signals-0/run/checkpoints/actor/iter_0000000', 'uuid': '264949223413084595480848272072370461885', 'planner': 'DefaultSavePlanner', 'func_name': 'save', 'event': 'start', 'time': 1791215203690012000, 'log_exceptions': True}
DEBUG    c10d-NullHandler-dcp_logger:logger.py:86 {'checkpoint_id': None, 'uuid': '255569882674015136701963483377331957557', 'func_name': '_stateful_to_state_dict', 'event': 'start', 'time': 1791215203690162000, 'log_exceptions': True}
DEBUG    c10d-NullHandler-dcp_logger:logger.py:86 {'checkpoint_id': None, 'uuid': '279331398882204812164569158093071853158', 'func_name': '_stateful_to_state_dict.model.weight', 'event': 'start', 'time': 1791215203690207000, 'log_exceptions': True}
DEBUG    c10d-NullHandler-dcp_logger:logger.py:104 {'checkpoint_id': None, 'uuid': '279331398882204812164569158093071853158', 'func_name': '_stateful_to_state_dict.model.weight', 'event': 'end', 'time': 1791215203690236000, 'log_exceptions': True, 'times_spent': 28000}
DEBUG    c10d-NullHandler-dcp_logger:logger.py:86 {'checkpoint_id': None, 'uuid': '299031603650592458719867628971222584519', 'func_name': '_stateful_to_state_dict.optimizer.state.exp_avg.model.weight', 'event': 'start', 'time': 1791215203690257000, 'log_exceptions': True}
DEBUG    c10d-NullHandler-dcp_logger:logger.py:104 {'checkpoint_id': None, 'uuid': '299031603650592458719867628971222584519', 'func_name': '_stateful_to_state_dict.optimizer.state.exp_avg.model.weight', 'event': 'end', 'time': 1791215203690272000, 'log_exceptions': True, 'times_spent': 15000}
DEBUG    c10d-NullHandler-dcp_logger:logger.py:86 {'checkpoint_id': None, 'uuid': '194349578579223975087366147837387441519', 'func_name': '_stateful_to_state_dict.optimizer.state.exp_avg_sq.model.weight', 'event': 'start', 'time': 1791215203690289000, 'log_exceptions': True}
DEBUG    c10d-NullHandler-dcp_logger:logger.py:104 {'checkpoint_id': None, 'uuid': '194349578579223975087366147837387441519', 'func_name': '_stateful_to_state_dict.optimizer.state.exp_avg_sq.model.weight', 'event': 'end', 'time': 1791215203690301000, 'log_exceptions': True, 'times_spent': 12000}
DEBUG    c10d-NullHandler-dcp_logger:logger.py:86 {'checkpoint_id': None, 'uuid': '151851537494724550513269737738472156279', 'func_name': '_stateful_to_state_dict.rng_state/shard_0.0_1.1', 'event': 'start', 'time': 1791215203690317000, 'log_exceptions': True}
DEBUG    c10d-NullHandler-dcp_logger:logger.py:104 {'checkpoint_id': None, 'uuid': '151851537494724550513269737738472156279', 'func_name': '_stateful_to_state_dict.rng_state/shard_0.0_1.1', 'event': 'end', 'time': 1791215203690330000, 'log_exceptions': True, 'times_spent': 13000}
DEBUG    c10d-NullHandler-dcp_logger:logger.py:104 {'checkpoint_id': None, 'uuid': '255569882674015136701963483377331957557', 'func_name': '_stateful_to_state_dict', 'event': 'end', 'time': 1791215203690340000, 'log_exceptions': True, 'times_spent': 178000}
DEBUG    c10d-NullHandler-dcp_logger:logger.py:86 {'checkpoint_id': '/private/var/folders/12/3pb2615n5wddcr6spjcz8_pw0000gn/T/pytest-of-0z5a/pytest-317/test_rejects_unbound_model_and3/signals-0/run/checkpoints/actor/iter_0000000', 'uuid': '50223475522580683814283685364819163023', 'func_name': 'local_step', 'event': 'start', 'time': 1791215203690362000, 'log_exceptions': False}
DEBUG    c10d-NullHandler-dcp_logger:logger.py:104 {'checkpoint_id': '/private/var/folders/12/3pb2615n5wddcr6spjcz8_pw0000gn/T/pytest-of-0z5a/pytest-317/test_rejects_unbound_model_and3/signals-0/run/checkpoints/actor/iter_0000000', 'uuid': '50223475522580683814283685364819163023', 'func_name': 'local_step', 'event': 'end', 'time': 1791215203690532000, 'log_exceptions': False, 'times_spent': 170000}
DEBUG    c10d-NullHandler-dcp_logger:logger.py:86 {'checkpoint_id': '/private/var/folders/12/3pb2615n5wddcr6spjcz8_pw0000gn/T/pytest-of-0z5a/pytest-317/test_rejects_unbound_model_and3/signals-0/run/checkpoints/actor/iter_0000000', 'uuid': '308900700939913541621713069024978788088', 'func_name': 'global_step', 'event': 'start', 'time': 1791215203690560000, 'log_exceptions': False}
DEBUG    c10d-NullHandler-dcp_logger:logger.py:104 {'checkpoint_id': '/private/var/folders/12/3pb2615n5wddcr6spjcz8_pw0000gn/T/pytest-of-0z5a/pytest-317/test_rejects_unbound_model_and3/signals-0/run/checkpoints/actor/iter_0000000', 'uuid': '308900700939913541621713069024978788088', 'func_name': 'global_step', 'event': 'end', 'time': 1791215203690610000, 'log_exceptions': False, 'times_spent': 50000}
DEBUG    c10d-NullHandler-dcp_logger:logger.py:86 {'checkpoint_id': '/private/var/folders/12/3pb2615n5wddcr6spjcz8_pw0000gn/T/pytest-of-0z5a/pytest-317/test_rejects_unbound_model_and3/signals-0/run/checkpoints/actor/iter_0000000', 'uuid': '9216641689507138400781891211767222058', 'func_name': 'write_data', 'event': 'start', 'time': 1791215203690634000, 'log_exceptions': False}
DEBUG    c10d-NullHandler-dcp_logger:logger.py:104 {'checkpoint_id': '/private/var/folders/12/3pb2615n5wddcr6spjcz8_pw0000gn/T/pytest-of-0z5a/pytest-317/test_rejects_unbound_model_and3/signals-0/run/checkpoints/actor/iter_0000000', 'uuid': '9216641689507138400781891211767222058', 'func_name': 'write_data', 'event': 'end', 'time': 1791215203691279000, 'log_exceptions': False, 'times_spent': 645000}
DEBUG    c10d-NullHandler-dcp_logger:logger.py:86 {'checkpoint_id': '/private/var/folders/12/3pb2615n5wddcr6spjcz8_pw0000gn/T/pytest-of-0z5a/pytest-317/test_rejects_unbound_model_and3/signals-0/run/checkpoints/actor/iter_0000000', 'uuid': '165687920348954301672820499860859367257', 'func_name': 'finish_checkpoint', 'event': 'start', 'time': 1791215203691325000, 'log_exceptions': False}
DEBUG    c10d-NullHandler-dcp_logger:logger.py:104 {'checkpoint_id': '/private/var/folders/12/3pb2615n5wddcr6spjcz8_pw0000gn/T/pytest-of-0z5a/pytest-317/test_rejects_unbound_model_and3/signals-0/run/checkpoints/actor/iter_0000000', 'uuid': '165687920348954301672820499860859367257', 'func_name': 'finish_checkpoint', 'event': 'end', 'time': 1791215203691551000, 'log_exceptions': False, 'times_spent': 226000}
DEBUG    c10d-NullHandler-dcp_logger:logger.py:104 {'checkpoint_id': '/private/var/folders/12/3pb2615n5wddcr6spjcz8_pw0000gn/T/pytest-of-0z5a/pytest-317/test_rejects_unbound_model_and3/signals-0/run/checkpoints/actor/iter_0000000', 'uuid': '264949223413084595480848272072370461885', 'planner': 'DefaultSavePlanner', 'func_name': 'save', 'event': 'end', 'time': 1791215203691572000, 'log_exceptions': True, 'times_spent': 1560000}
DEBUG    c10d-NullHandler-dcp_logger:logger.py:86 {'checkpoint_id': '/private/var/folders/12/3pb2615n5wddcr6spjcz8_pw0000gn/T/pytest-of-0z5a/pytest-317/test_rejects_unbound_model_and3/signals-0/run/checkpoints/actor/iter_0000001', 'uuid': '274500946146297785720889148519854154207', 'planner': 'DefaultSavePlanner', 'func_name': 'save', 'event': 'start', 'time': 1791215203692054000, 'log_exceptions': True}
DEBUG    c10d-NullHandler-dcp_logger:logger.py:86 {'checkpoint_id': None, 'uuid': '192328679904023445334792033346888808035', 'func_name': '_stateful_to_state_dict', 'event': 'start', 'time': 1791215203692094000, 'log_exceptions': True}
DEBUG    c10d-NullHandler-dcp_logger:logger.py:86 {'checkpoint_id': None, 'uuid': '175750647320828792786303509509299350209', 'func_name': '_stateful_to_state_dict.model.weight', 'event': 'start', 'time': 1791215203692119000, 'log_exceptions': True}
DEBUG    c10d-NullHandler-dcp_logger:logger.py:104 {'checkpoint_id': None, 'uuid': '175750647320828792786303509509299350209', 'func_name': '_stateful_to_state_dict.model.weight', 'event': 'end', 'time': 1791215203692137000, 'log_exceptions': True, 'times_spent': 18000}
DEBUG    c10d-NullHandler-dcp_logger:logger.py:86 {'checkpoint_id': None, 'uuid': '328111506877507131644926082267434264686', 'func_name': '_stateful_to_state_dict.optimizer.state.exp_avg.model.weight', 'event': 'start', 'time': 1791215203692156000, 'log_exceptions': True}
DEBUG    c10d-NullHandler-dcp_logger:logger.py:104 {'checkpoint_id': None, 'uuid': '328111506877507131644926082267434264686', 'func_name': '_stateful_to_state_dict.optimizer.state.exp_avg.model.weight', 'event': 'end', 'time': 1791215203692170000, 'log_exceptions': True, 'times_spent': 14000}
DEBUG    c10d-NullHandler-dcp_logger:logger.py:86 {'checkpoint_id': None, 'uuid': '139786228080815605971277069756514526151', 'func_name': '_stateful_to_state_dict.optimizer.state.exp_avg_sq.model.weight', 'event': 'start', 'time': 1791215203692191000, 'log_exceptions': True}
DEBUG    c10d-NullHandler-dcp_logger:logger.py:104 {'checkpoint_id': None, 'uuid': '139786228080815605971277069756514526151', 'func_name': '_stateful_to_state_dict.optimizer.state.exp_avg_sq.model.weight', 'event': 'end', 'time': 1791215203692203000, 'log_exceptions': True, 'times_spent': 12000}
DEBUG    c10d-NullHandler-dcp_logger:logger.py:86 {'checkpoint_id': None, 'uuid': '145582275876978916974103986210551495293', 'func_name': '_stateful_to_state_dict.rng_state/shard_0.0_1.1', 'event': 'start', 'time': 1791215203692217000, 'log_exceptions': True}
DEBUG    c10d-NullHandler-dcp_logger:logger.py:104 {'checkpoint_id': None, 'uuid': '145582275876978916974103986210551495293', 'func_name': '_stateful_to_state_dict.rng_state/shard_0.0_1.1', 'event': 'end', 'time': 1791215203692231000, 'log_exceptions': True, 'times_spent': 14000}
DEBUG    c10d-NullHandler-dcp_logger:logger.py:104 {'checkpoint_id': None, 'uuid': '192328679904023445334792033346888808035', 'func_name': '_stateful_to_state_dict', 'event': 'end', 'time': 1791215203692241000, 'log_exceptions': True, 'times_spent': 147000}
DEBUG    c10d-NullHandler-dcp_logger:logger.py:86 {'checkpoint_id': '/private/var/folders/12/3pb2615n5wddcr6spjcz8_pw0000gn/T/pytest-of-0z5a/pytest-317/test_rejects_unbound_model_and3/signals-0/run/checkpoints/actor/iter_0000001', 'uuid': '217445935254952112794631866477988925030', 'func_name': 'local_step', 'event': 'start', 'time': 1791215203692261000, 'log_exceptions': False}
DEBUG    c10d-NullHandler-dcp_logger:logger.py:104 {'checkpoint_id': '/private/var/folders/12/3pb2615n5wddcr6spjcz8_pw0000gn/T/pytest-of-0z5a/pytest-317/test_rejects_unbound_model_and3/signals-0/run/checkpoints/actor/iter_0000001', 'uuid': '217445935254952112794631866477988925030', 'func_name': 'local_step', 'event': 'end', 'time': 1791215203692391000, 'log_exceptions': False, 'times_spent': 130000}
DEBUG    c10d-NullHandler-dcp_logger:logger.py:86 {'checkpoint_id': '/private/var/folders/12/3pb2615n5wddcr6spjcz8_pw0000gn/T/pytest-of-0z5a/pytest-317/test_rejects_unbound_model_and3/signals-0/run/checkpoints/actor/iter_0000001', 'uuid': '275331156553800535444596732175825305840', 'func_name': 'global_step', 'event': 'start', 'time': 1791215203692416000, 'log_exceptions': False}
DEBUG    c10d-NullHandler-dcp_logger:logger.py:104 {'checkpoint_id': '/private/var/folders/12/3pb2615n5wddcr6spjcz8_pw0000gn/T/pytest-of-0z5a/pytest-317/test_rejects_unbound_model_and3/signals-0/run/checkpoints/actor/iter_0000001', 'uuid': '275331156553800535444596732175825305840', 'func_name': 'global_step', 'event': 'end', 'time': 1791215203692457000, 'log_exceptions': False, 'times_spent': 41000}
DEBUG    c10d-NullHandler-dcp_logger:logger.py:86 {'checkpoint_id': '/private/var/folders/12/3pb2615n5wddcr6spjcz8_pw0000gn/T/pytest-of-0z5a/pytest-317/test_rejects_unbound_model_and3/signals-0/run/checkpoints/actor/iter_0000001', 'uuid': '339128215429309429721410365066215616308', 'func_name': 'write_data', 'event': 'start', 'time': 1791215203692479000, 'log_exceptions': False}
DEBUG    c10d-NullHandler-dcp_logger:logger.py:104 {'checkpoint_id': '/private/var/folders/12/3pb2615n5wddcr6spjcz8_pw0000gn/T/pytest-of-0z5a/pytest-317/test_rejects_unbound_model_and3/signals-0/run/checkpoints/actor/iter_0000001', 'uuid': '339128215429309429721410365066215616308', 'func_name': 'write_data', 'event': 'end', 'time': 1791215203692965000, 'log_exceptions': False, 'times_spent': 486000}
DEBUG    c10d-NullHandler-dcp_logger:logger.py:86 {'checkpoint_id': '/private/var/folders/12/3pb2615n5wddcr6spjcz8_pw0000gn/T/pytest-of-0z5a/pytest-317/test_rejects_unbound_model_and3/signals-0/run/checkpoints/actor/iter_0000001', 'uuid': '131587866340812605386199868730472935637', 'func_name': 'finish_checkpoint', 'event': 'start', 'time': 1791215203692991000, 'log_exceptions': False}
DEBUG    c10d-NullHandler-dcp_logger:logger.py:104 {'checkpoint_id': '/private/var/folders/12/3pb2615n5wddcr6spjcz8_pw0000gn/T/pytest-of-0z5a/pytest-317/test_rejects_unbound_model_and3/signals-0/run/checkpoints/actor/iter_0000001', 'uuid': '131587866340812605386199868730472935637', 'func_name': 'finish_checkpoint', 'event': 'end', 'time': 1791215203693180000, 'log_exceptions': False, 'times_spent': 189000}
DEBUG    c10d-NullHandler-dcp_logger:logger.py:104 {'checkpoint_id': '/private/var/folders/12/3pb2615n5wddcr6spjcz8_pw0000gn/T/pytest-of-0z5a/pytest-317/test_rejects_unbound_model_and3/signals-0/run/checkpoints/actor/iter_0000001', 'uuid': '274500946146297785720889148519854154207', 'planner': 'DefaultSavePlanner', 'func_name': 'save', 'event': 'end', 'time': 1791215203693200000, 'log_exceptions': True, 'times_spent': 1146000}
DEBUG    c10d-NullHandler-dcp_logger:logger.py:86 {'checkpoint_id': '/private/var/folders/12/3pb2615n5wddcr6spjcz8_pw0000gn/T/pytest-of-0z5a/pytest-317/test_rejects_unbound_model_and3/signals-0/run/checkpoints/actor/iter_0000002', 'uuid': '221234958198870614574437532959881961579', 'planner': 'DefaultSavePlanner', 'func_name': 'save', 'event': 'start', 'time': 1791215203693586000, 'log_exceptions': True}
DEBUG    c10d-NullHandler-dcp_logger:logger.py:86 {'checkpoint_id': None, 'uuid': '37268910220581379495724760413689130892', 'func_name': '_stateful_to_state_dict', 'event': 'start', 'time': 1791215203693626000, 'log_exceptions': True}
DEBUG    c10d-NullHandler-dcp_logger:logger.py:86 {'checkpoint_id': None, 'uuid': '166971205009746534052669080687922907979', 'func_name': '_stateful_to_state_dict.model.weight', 'event': 'start', 'time': 1791215203693647000, 'log_exceptions': True}
DEBUG    c10d-NullHandler-dcp_logger:logger.py:104 {'checkpoint_id': None, 'uuid': '166971205009746534052669080687922907979', 'func_name': '_stateful_to_state_dict.model.weight', 'event': 'end', 'time': 1791215203693665000, 'log_exceptions': True, 'times_spent': 18000}
DEBUG    c10d-NullHandler-dcp_logger:logger.py:86 {'checkpoint_id': None, 'uuid': '291189718169690734029396892917493415337', 'func_name': '_stateful_to_state_dict.optimizer.state.exp_avg.model.weight', 'event': 'start', 'time': 1791215203693683000, 'log_exceptions': True}
DEBUG    c10d-NullHandler-dcp_logger:logger.py:104 {'checkpoint_id': None, 'uuid': '291189718169690734029396892917493415337', 'func_name': '_stateful_to_state_dict.optimizer.state.exp_avg.model.weight', 'event': 'end', 'time': 1791215203693695000, 'log_exceptions': True, 'times_spent': 12000}
DEBUG    c10d-NullHandler-dcp_logger:logger.py:86 {'checkpoint_id': None, 'uuid': '61750299533442931330596541662075867029', 'func_name': '_stateful_to_state_dict.optimizer.state.exp_avg_sq.model.weight', 'event': 'start', 'time': 1791215203693711000, 'log_exceptions': True}
DEBUG    c10d-NullHandler-dcp_logger:logger.py:104 {'checkpoint_id': None, 'uuid': '61750299533442931330596541662075867029', 'func_name': '_stateful_to_state_dict.optimizer.state.exp_avg_sq.model.weight', 'event': 'end', 'time': 1791215203693723000, 'log_exceptions': True, 'times_spent': 11000}
DEBUG    c10d-NullHandler-dcp_logger:logger.py:86 {'checkpoint_id': None, 'uuid': '334424715695292656470536065732219737542', 'func_name': '_stateful_to_state_dict.rng_state/shard_0.0_1.1', 'event': 'start', 'time': 1791215203693737000, 'log_exceptions': True}
DEBUG    c10d-NullHandler-dcp_logger:logger.py:104 {'checkpoint_id': None, 'uuid': '334424715695292656470536065732219737542', 'func_name': '_stateful_to_state_dict.rng_state/shard_0.0_1.1', 'event': 'end', 'time': 1791215203693749000, 'log_exceptions': True, 'times_spent': 12000}
DEBUG    c10d-NullHandler-dcp_logger:logger.py:104 {'checkpoint_id': None, 'uuid': '37268910220581379495724760413689130892', 'func_name': '_stateful_to_state_dict', 'event': 'end', 'time': 1791215203693759000, 'log_exceptions': True, 'times_spent': 133000}
DEBUG    c10d-NullHandler-dcp_logger:logger.py:86 {'checkpoint_id': '/private/var/folders/12/3pb2615n5wddcr6spjcz8_pw0000gn/T/pytest-of-0z5a/pytest-317/test_rejects_unbound_model_and3/signals-0/run/checkpoints/actor/iter_0000002', 'uuid': '21474985514438093049434698046187680417', 'func_name': 'local_step', 'event': 'start', 'time': 1791215203693777000, 'log_exceptions': False}
DEBUG    c10d-NullHandler-dcp_logger:logger.py:104 {'checkpoint_id': '/private/var/folders/12/3pb2615n5wddcr6spjcz8_pw0000gn/T/pytest-of-0z5a/pytest-317/test_rejects_unbound_model_and3/signals-0/run/checkpoints/actor/iter_0000002', 'uuid': '21474985514438093049434698046187680417', 'func_name': 'local_step', 'event': 'end', 'time': 1791215203693898000, 'log_exceptions': False, 'times_spent': 121000}
DEBUG    c10d-NullHandler-dcp_logger:logger.py:86 {'checkpoint_id': '/private/var/folders/12/3pb2615n5wddcr6spjcz8_pw0000gn/T/pytest-of-0z5a/pytest-317/test_rejects_unbound_model_and3/signals-0/run/checkpoints/actor/iter_0000002', 'uuid': '281566104459723984754318974613848116489', 'func_name': 'global_step', 'event': 'start', 'time': 1791215203693921000, 'log_exceptions': False}
DEBUG    c10d-NullHandler-dcp_logger:logger.py:104 {'checkpoint_id': '/private/var/folders/12/3pb2615n5wddcr6spjcz8_pw0000gn/T/pytest-of-0z5a/pytest-317/test_rejects_unbound_model_and3/signals-0/run/checkpoints/actor/iter_0000002', 'uuid': '281566104459723984754318974613848116489', 'func_name': 'global_step', 'event': 'end', 'time': 1791215203693958000, 'log_exceptions': False, 'times_spent': 37000}
DEBUG    c10d-NullHandler-dcp_logger:logger.py:86 {'checkpoint_id': '/private/var/folders/12/3pb2615n5wddcr6spjcz8_pw0000gn/T/pytest-of-0z5a/pytest-317/test_rejects_unbound_model_and3/signals-0/run/checkpoints/actor/iter_0000002', 'uuid': '202745207086243443825767034120586697127', 'func_name': 'write_data', 'event': 'start', 'time': 1791215203693981000, 'log_exceptions': False}
DEBUG    c10d-NullHandler-dcp_logger:logger.py:104 {'checkpoint_id': '/private/var/folders/12/3pb2615n5wddcr6spjcz8_pw0000gn/T/pytest-of-0z5a/pytest-317/test_rejects_unbound_model_and3/signals-0/run/checkpoints/actor/iter_0000002', 'uuid': '202745207086243443825767034120586697127', 'func_name': 'write_data', 'event': 'end', 'time': 1791215203694525000, 'log_exceptions': False, 'times_spent': 544000}
DEBUG    c10d-NullHandler-dcp_logger:logger.py:86 {'checkpoint_id': '/private/var/folders/12/3pb2615n5wddcr6spjcz8_pw0000gn/T/pytest-of-0z5a/pytest-317/test_rejects_unbound_model_and3/signals-0/run/checkpoints/actor/iter_0000002', 'uuid': '5901169082325845034416791323804878188', 'func_name': 'finish_checkpoint', 'event': 'start', 'time': 1791215203694552000, 'log_exceptions': False}
DEBUG    c10d-NullHandler-dcp_logger:logger.py:104 {'checkpoint_id': '/private/var/folders/12/3pb2615n5wddcr6spjcz8_pw0000gn/T/pytest-of-0z5a/pytest-317/test_rejects_unbound_model_and3/signals-0/run/checkpoints/actor/iter_0000002', 'uuid': '5901169082325845034416791323804878188', 'func_name': 'finish_checkpoint', 'event': 'end', 'time': 1791215203694739000, 'log_exceptions': False, 'times_spent': 187000}
DEBUG    c10d-NullHandler-dcp_logger:logger.py:104 {'checkpoint_id': '/private/var/folders/12/3pb2615n5wddcr6spjcz8_pw0000gn/T/pytest-of-0z5a/pytest-317/test_rejects_unbound_model_and3/signals-0/run/checkpoints/actor/iter_0000002', 'uuid': '221234958198870614574437532959881961579', 'planner': 'DefaultSavePlanner', 'func_name': 'save', 'event': 'end', 'time': 1791215203694758000, 'log_exceptions': True, 'times_spent': 1172000}
_ ERROR at setup of test_rejects_unbound_model_and_publications[learning-rehashed_wrong_update] _
tests/test_native_qualification_chain.py:83: in chain
    replace_digest(run, step, digest)
tests/test_native_qualification_chain.py:32: in replace_digest
    sample["recurrent_inputs"].publication_digest = digest
    ^^^^^^^^^^^^^^^^^^^^^^^^^^^^^^^^^^^^^^^^^^^^^
<string>:4: in __setattr__
    ???
E   dataclasses.FrozenInstanceError: cannot assign to field 'publication_digest'
------------------------------ Captured log setup ------------------------------
DEBUG    c10d-NullHandler-dcp_logger:logger.py:86 {'checkpoint_id': '/private/var/folders/12/3pb2615n5wddcr6spjcz8_pw0000gn/T/pytest-of-0z5a/pytest-317/test_rejects_unbound_model_and4/signals-0/run/checkpoints/actor/iter_0000000', 'uuid': '257445274437285678133135401357910773108', 'planner': 'DefaultSavePlanner', 'func_name': 'save', 'event': 'start', 'time': 1791215203807419000, 'log_exceptions': True}
DEBUG    c10d-NullHandler-dcp_logger:logger.py:86 {'checkpoint_id': None, 'uuid': '195871269169516095523103999784353333000', 'func_name': '_stateful_to_state_dict', 'event': 'start', 'time': 1791215203807502000, 'log_exceptions': True}
DEBUG    c10d-NullHandler-dcp_logger:logger.py:86 {'checkpoint_id': None, 'uuid': '300237619906570755154304655912116697759', 'func_name': '_stateful_to_state_dict.model.weight', 'event': 'start', 'time': 1791215203807532000, 'log_exceptions': True}
DEBUG    c10d-NullHandler-dcp_logger:logger.py:104 {'checkpoint_id': None, 'uuid': '300237619906570755154304655912116697759', 'func_name': '_stateful_to_state_dict.model.weight', 'event': 'end', 'time': 1791215203807555000, 'log_exceptions': True, 'times_spent': 23000}
DEBUG    c10d-NullHandler-dcp_logger:logger.py:86 {'checkpoint_id': None, 'uuid': '128962512043610877910143022730334971003', 'func_name': '_stateful_to_state_dict.optimizer.state.exp_avg.model.weight', 'event': 'start', 'time': 1791215203807606000, 'log_exceptions': True}
DEBUG    c10d-NullHandler-dcp_logger:logger.py:104 {'checkpoint_id': None, 'uuid': '128962512043610877910143022730334971003', 'func_name': '_stateful_to_state_dict.optimizer.state.exp_avg.model.weight', 'event': 'end', 'time': 1791215203807640000, 'log_exceptions': True, 'times_spent': 34000}
DEBUG    c10d-NullHandler-dcp_logger:logger.py:86 {'checkpoint_id': None, 'uuid': '267307161414560617133047913783188662159', 'func_name': '_stateful_to_state_dict.optimizer.state.exp_avg_sq.model.weight', 'event': 'start', 'time': 1791215203807664000, 'log_exceptions': True}
DEBUG    c10d-NullHandler-dcp_logger:logger.py:104 {'checkpoint_id': None, 'uuid': '267307161414560617133047913783188662159', 'func_name': '_stateful_to_state_dict.optimizer.state.exp_avg_sq.model.weight', 'event': 'end', 'time': 1791215203807680000, 'log_exceptions': True, 'times_spent': 16000}
DEBUG    c10d-NullHandler-dcp_logger:logger.py:86 {'checkpoint_id': None, 'uuid': '137931126578599646571701169929897569223', 'func_name': '_stateful_to_state_dict.rng_state/shard_0.0_1.1', 'event': 'start', 'time': 1791215203807698000, 'log_exceptions': True}
DEBUG    c10d-NullHandler-dcp_logger:logger.py:104 {'checkpoint_id': None, 'uuid': '137931126578599646571701169929897569223', 'func_name': '_stateful_to_state_dict.rng_state/shard_0.0_1.1', 'event': 'end', 'time': 1791215203807713000, 'log_exceptions': True, 'times_spent': 15000}
DEBUG    c10d-NullHandler-dcp_logger:logger.py:104 {'checkpoint_id': None, 'uuid': '195871269169516095523103999784353333000', 'func_name': '_stateful_to_state_dict', 'event': 'end', 'time': 1791215203807724000, 'log_exceptions': True, 'times_spent': 222000}
DEBUG    c10d-NullHandler-dcp_logger:logger.py:86 {'checkpoint_id': '/private/var/folders/12/3pb2615n5wddcr6spjcz8_pw0000gn/T/pytest-of-0z5a/pytest-317/test_rejects_unbound_model_and4/signals-0/run/checkpoints/actor/iter_0000000', 'uuid': '321413668515528068117597156126165662509', 'func_name': 'local_step', 'event': 'start', 'time': 1791215203807748000, 'log_exceptions': False}
DEBUG    c10d-NullHandler-dcp_logger:logger.py:104 {'checkpoint_id': '/private/var/folders/12/3pb2615n5wddcr6spjcz8_pw0000gn/T/pytest-of-0z5a/pytest-317/test_rejects_unbound_model_and4/signals-0/run/checkpoints/actor/iter_0000000', 'uuid': '321413668515528068117597156126165662509', 'func_name': 'local_step', 'event': 'end', 'time': 1791215203807894000, 'log_exceptions': False, 'times_spent': 145000}
DEBUG    c10d-NullHandler-dcp_logger:logger.py:86 {'checkpoint_id': '/private/var/folders/12/3pb2615n5wddcr6spjcz8_pw0000gn/T/pytest-of-0z5a/pytest-317/test_rejects_unbound_model_and4/signals-0/run/checkpoints/actor/iter_0000000', 'uuid': '211105867172494706340667059143137831571', 'func_name': 'global_step', 'event': 'start', 'time': 1791215203807923000, 'log_exceptions': False}
DEBUG    c10d-NullHandler-dcp_logger:logger.py:104 {'checkpoint_id': '/private/var/folders/12/3pb2615n5wddcr6spjcz8_pw0000gn/T/pytest-of-0z5a/pytest-317/test_rejects_unbound_model_and4/signals-0/run/checkpoints/actor/iter_0000000', 'uuid': '211105867172494706340667059143137831571', 'func_name': 'global_step', 'event': 'end', 'time': 1791215203807975000, 'log_exceptions': False, 'times_spent': 52000}
DEBUG    c10d-NullHandler-dcp_logger:logger.py:86 {'checkpoint_id': '/private/var/folders/12/3pb2615n5wddcr6spjcz8_pw0000gn/T/pytest-of-0z5a/pytest-317/test_rejects_unbound_model_and4/signals-0/run/checkpoints/actor/iter_0000000', 'uuid': '298621402427192478937668095483125587122', 'func_name': 'write_data', 'event': 'start', 'time': 1791215203808001000, 'log_exceptions': False}
DEBUG    c10d-NullHandler-dcp_logger:logger.py:104 {'checkpoint_id': '/private/var/folders/12/3pb2615n5wddcr6spjcz8_pw0000gn/T/pytest-of-0z5a/pytest-317/test_rejects_unbound_model_and4/signals-0/run/checkpoints/actor/iter_0000000', 'uuid': '298621402427192478937668095483125587122', 'func_name': 'write_data', 'event': 'end', 'time': 1791215203808646000, 'log_exceptions': False, 'times_spent': 644000}
DEBUG    c10d-NullHandler-dcp_logger:logger.py:86 {'checkpoint_id': '/private/var/folders/12/3pb2615n5wddcr6spjcz8_pw0000gn/T/pytest-of-0z5a/pytest-317/test_rejects_unbound_model_and4/signals-0/run/checkpoints/actor/iter_0000000', 'uuid': '120025605220039673340397724846956608341', 'func_name': 'finish_checkpoint', 'event': 'start', 'time': 1791215203808687000, 'log_exceptions': False}
DEBUG    c10d-NullHandler-dcp_logger:logger.py:104 {'checkpoint_id': '/private/var/folders/12/3pb2615n5wddcr6spjcz8_pw0000gn/T/pytest-of-0z5a/pytest-317/test_rejects_unbound_model_and4/signals-0/run/checkpoints/actor/iter_0000000', 'uuid': '120025605220039673340397724846956608341', 'func_name': 'finish_checkpoint', 'event': 'end', 'time': 1791215203808914000, 'log_exceptions': False, 'times_spent': 227000}
DEBUG    c10d-NullHandler-dcp_logger:logger.py:104 {'checkpoint_id': '/private/var/folders/12/3pb2615n5wddcr6spjcz8_pw0000gn/T/pytest-of-0z5a/pytest-317/test_rejects_unbound_model_and4/signals-0/run/checkpoints/actor/iter_0000000', 'uuid': '257445274437285678133135401357910773108', 'planner': 'DefaultSavePlanner', 'func_name': 'save', 'event': 'end', 'time': 1791215203808938000, 'log_exceptions': True, 'times_spent': 1519000}
DEBUG    c10d-NullHandler-dcp_logger:logger.py:86 {'checkpoint_id': '/private/var/folders/12/3pb2615n5wddcr6spjcz8_pw0000gn/T/pytest-of-0z5a/pytest-317/test_rejects_unbound_model_and4/signals-0/run/checkpoints/actor/iter_0000001', 'uuid': '75015234550714755400703580491949164820', 'planner': 'DefaultSavePlanner', 'func_name': 'save', 'event': 'start', 'time': 1791215203809406000, 'log_exceptions': True}
DEBUG    c10d-NullHandler-dcp_logger:logger.py:86 {'checkpoint_id': None, 'uuid': '208806231782917645672072279358370261785', 'func_name': '_stateful_to_state_dict', 'event': 'start', 'time': 1791215203809446000, 'log_exceptions': True}
DEBUG    c10d-NullHandler-dcp_logger:logger.py:86 {'checkpoint_id': None, 'uuid': '316983187004033422130116082411200713097', 'func_name': '_stateful_to_state_dict.model.weight', 'event': 'start', 'time': 1791215203809472000, 'log_exceptions': True}
DEBUG    c10d-NullHandler-dcp_logger:logger.py:104 {'checkpoint_id': None, 'uuid': '316983187004033422130116082411200713097', 'func_name': '_stateful_to_state_dict.model.weight', 'event': 'end', 'time': 1791215203809491000, 'log_exceptions': True, 'times_spent': 19000}
DEBUG    c10d-NullHandler-dcp_logger:logger.py:86 {'checkpoint_id': None, 'uuid': '284418760876363258373890921038295926046', 'func_name': '_stateful_to_state_dict.optimizer.state.exp_avg.model.weight', 'event': 'start', 'time': 1791215203809512000, 'log_exceptions': True}
DEBUG    c10d-NullHandler-dcp_logger:logger.py:104 {'checkpoint_id': None, 'uuid': '284418760876363258373890921038295926046', 'func_name': '_stateful_to_state_dict.optimizer.state.exp_avg.model.weight', 'event': 'end', 'time': 1791215203809526000, 'log_exceptions': True, 'times_spent': 14000}
DEBUG    c10d-NullHandler-dcp_logger:logger.py:86 {'checkpoint_id': None, 'uuid': '304035644557268906119469965288818922526', 'func_name': '_stateful_to_state_dict.optimizer.state.exp_avg_sq.model.weight', 'event': 'start', 'time': 1791215203809554000, 'log_exceptions': True}
DEBUG    c10d-NullHandler-dcp_logger:logger.py:104 {'checkpoint_id': None, 'uuid': '304035644557268906119469965288818922526', 'func_name': '_stateful_to_state_dict.optimizer.state.exp_avg_sq.model.weight', 'event': 'end', 'time': 1791215203809578000, 'log_exceptions': True, 'times_spent': 24000}
DEBUG    c10d-NullHandler-dcp_logger:logger.py:86 {'checkpoint_id': None, 'uuid': '35857117969608944805959524300419525206', 'func_name': '_stateful_to_state_dict.rng_state/shard_0.0_1.1', 'event': 'start', 'time': 1791215203809599000, 'log_exceptions': True}
DEBUG    c10d-NullHandler-dcp_logger:logger.py:104 {'checkpoint_id': None, 'uuid': '35857117969608944805959524300419525206', 'func_name': '_stateful_to_state_dict.rng_state/shard_0.0_1.1', 'event': 'end', 'time': 1791215203809613000, 'log_exceptions': True, 'times_spent': 14000}
DEBUG    c10d-NullHandler-dcp_logger:logger.py:104 {'checkpoint_id': None, 'uuid': '208806231782917645672072279358370261785', 'func_name': '_stateful_to_state_dict', 'event': 'end', 'time': 1791215203809623000, 'log_exceptions': True, 'times_spent': 177000}
DEBUG    c10d-NullHandler-dcp_logger:logger.py:86 {'checkpoint_id': '/private/var/folders/12/3pb2615n5wddcr6spjcz8_pw0000gn/T/pytest-of-0z5a/pytest-317/test_rejects_unbound_model_and4/signals-0/run/checkpoints/actor/iter_0000001', 'uuid': '298150678413460828929837488718548633651', 'func_name': 'local_step', 'event': 'start', 'time': 1791215203809646000, 'log_exceptions': False}
DEBUG    c10d-NullHandler-dcp_logger:logger.py:104 {'checkpoint_id': '/private/var/folders/12/3pb2615n5wddcr6spjcz8_pw0000gn/T/pytest-of-0z5a/pytest-317/test_rejects_unbound_model_and4/signals-0/run/checkpoints/actor/iter_0000001', 'uuid': '298150678413460828929837488718548633651', 'func_name': 'local_step', 'event': 'end', 'time': 1791215203809780000, 'log_exceptions': False, 'times_spent': 134000}
DEBUG    c10d-NullHandler-dcp_logger:logger.py:86 {'checkpoint_id': '/private/var/folders/12/3pb2615n5wddcr6spjcz8_pw0000gn/T/pytest-of-0z5a/pytest-317/test_rejects_unbound_model_and4/signals-0/run/checkpoints/actor/iter_0000001', 'uuid': '148827243076434335199883766460312757640', 'func_name': 'global_step', 'event': 'start', 'time': 1791215203809808000, 'log_exceptions': False}
DEBUG    c10d-NullHandler-dcp_logger:logger.py:104 {'checkpoint_id': '/private/var/folders/12/3pb2615n5wddcr6spjcz8_pw0000gn/T/pytest-of-0z5a/pytest-317/test_rejects_unbound_model_and4/signals-0/run/checkpoints/actor/iter_0000001', 'uuid': '148827243076434335199883766460312757640', 'func_name': 'global_step', 'event': 'end', 'time': 1791215203809857000, 'log_exceptions': False, 'times_spent': 49000}
DEBUG    c10d-NullHandler-dcp_logger:logger.py:86 {'checkpoint_id': '/private/var/folders/12/3pb2615n5wddcr6spjcz8_pw0000gn/T/pytest-of-0z5a/pytest-317/test_rejects_unbound_model_and4/signals-0/run/checkpoints/actor/iter_0000001', 'uuid': '11860272542095336296146545123478573472', 'func_name': 'write_data', 'event': 'start', 'time': 1791215203809883000, 'log_exceptions': False}
DEBUG    c10d-NullHandler-dcp_logger:logger.py:104 {'checkpoint_id': '/private/var/folders/12/3pb2615n5wddcr6spjcz8_pw0000gn/T/pytest-of-0z5a/pytest-317/test_rejects_unbound_model_and4/signals-0/run/checkpoints/actor/iter_0000001', 'uuid': '11860272542095336296146545123478573472', 'func_name': 'write_data', 'event': 'end', 'time': 1791215203810392000, 'log_exceptions': False, 'times_spent': 509000}
DEBUG    c10d-NullHandler-dcp_logger:logger.py:86 {'checkpoint_id': '/private/var/folders/12/3pb2615n5wddcr6spjcz8_pw0000gn/T/pytest-of-0z5a/pytest-317/test_rejects_unbound_model_and4/signals-0/run/checkpoints/actor/iter_0000001', 'uuid': '68579592248097669366935688397504003311', 'func_name': 'finish_checkpoint', 'event': 'start', 'time': 1791215203810417000, 'log_exceptions': False}
DEBUG    c10d-NullHandler-dcp_logger:logger.py:104 {'checkpoint_id': '/private/var/folders/12/3pb2615n5wddcr6spjcz8_pw0000gn/T/pytest-of-0z5a/pytest-317/test_rejects_unbound_model_and4/signals-0/run/checkpoints/actor/iter_0000001', 'uuid': '68579592248097669366935688397504003311', 'func_name': 'finish_checkpoint', 'event': 'end', 'time': 1791215203810612000, 'log_exceptions': False, 'times_spent': 195000}
DEBUG    c10d-NullHandler-dcp_logger:logger.py:104 {'checkpoint_id': '/private/var/folders/12/3pb2615n5wddcr6spjcz8_pw0000gn/T/pytest-of-0z5a/pytest-317/test_rejects_unbound_model_and4/signals-0/run/checkpoints/actor/iter_0000001', 'uuid': '75015234550714755400703580491949164820', 'planner': 'DefaultSavePlanner', 'func_name': 'save', 'event': 'end', 'time': 1791215203810633000, 'log_exceptions': True, 'times_spent': 1227000}
DEBUG    c10d-NullHandler-dcp_logger:logger.py:86 {'checkpoint_id': '/private/var/folders/12/3pb2615n5wddcr6spjcz8_pw0000gn/T/pytest-of-0z5a/pytest-317/test_rejects_unbound_model_and4/signals-0/run/checkpoints/actor/iter_0000002', 'uuid': '326600477435689897852995507620785285021', 'planner': 'DefaultSavePlanner', 'func_name': 'save', 'event': 'start', 'time': 1791215203811032000, 'log_exceptions': True}
DEBUG    c10d-NullHandler-dcp_logger:logger.py:86 {'checkpoint_id': None, 'uuid': '202013517562452542332844395748904007411', 'func_name': '_stateful_to_state_dict', 'event': 'start', 'time': 1791215203811091000, 'log_exceptions': True}
DEBUG    c10d-NullHandler-dcp_logger:logger.py:86 {'checkpoint_id': None, 'uuid': '281850889193924868820933340951390012856', 'func_name': '_stateful_to_state_dict.model.weight', 'event': 'start', 'time': 1791215203811132000, 'log_exceptions': True}
DEBUG    c10d-NullHandler-dcp_logger:logger.py:104 {'checkpoint_id': None, 'uuid': '281850889193924868820933340951390012856', 'func_name': '_stateful_to_state_dict.model.weight', 'event': 'end', 'time': 1791215203811153000, 'log_exceptions': True, 'times_spent': 21000}
DEBUG    c10d-NullHandler-dcp_logger:logger.py:86 {'checkpoint_id': None, 'uuid': '298496335359807164195395292090179584273', 'func_name': '_stateful_to_state_dict.optimizer.state.exp_avg.model.weight', 'event': 'start', 'time': 1791215203811173000, 'log_exceptions': True}
DEBUG    c10d-NullHandler-dcp_logger:logger.py:104 {'checkpoint_id': None, 'uuid': '298496335359807164195395292090179584273', 'func_name': '_stateful_to_state_dict.optimizer.state.exp_avg.model.weight', 'event': 'end', 'time': 1791215203811187000, 'log_exceptions': True, 'times_spent': 14000}
DEBUG    c10d-NullHandler-dcp_logger:logger.py:86 {'checkpoint_id': None, 'uuid': '184154615018494505005010672019405484602', 'func_name': '_stateful_to_state_dict.optimizer.state.exp_avg_sq.model.weight', 'event': 'start', 'time': 1791215203811203000, 'log_exceptions': True}
DEBUG    c10d-NullHandler-dcp_logger:logger.py:104 {'checkpoint_id': None, 'uuid': '184154615018494505005010672019405484602', 'func_name': '_stateful_to_state_dict.optimizer.state.exp_avg_sq.model.weight', 'event': 'end', 'time': 1791215203811215000, 'log_exceptions': True, 'times_spent': 12000}
DEBUG    c10d-NullHandler-dcp_logger:logger.py:86 {'checkpoint_id': None, 'uuid': '162689276935052990703242661163288925533', 'func_name': '_stateful_to_state_dict.rng_state/shard_0.0_1.1', 'event': 'start', 'time': 1791215203811230000, 'log_exceptions': True}
DEBUG    c10d-NullHandler-dcp_logger:logger.py:104 {'checkpoint_id': None, 'uuid': '162689276935052990703242661163288925533', 'func_name': '_stateful_to_state_dict.rng_state/shard_0.0_1.1', 'event': 'end', 'time': 1791215203811244000, 'log_exceptions': True, 'times_spent': 14000}
DEBUG    c10d-NullHandler-dcp_logger:logger.py:104 {'checkpoint_id': None, 'uuid': '202013517562452542332844395748904007411', 'func_name': '_stateful_to_state_dict', 'event': 'end', 'time': 1791215203811255000, 'log_exceptions': True, 'times_spent': 164000}
DEBUG    c10d-NullHandler-dcp_logger:logger.py:86 {'checkpoint_id': '/private/var/folders/12/3pb2615n5wddcr6spjcz8_pw0000gn/T/pytest-of-0z5a/pytest-317/test_rejects_unbound_model_and4/signals-0/run/checkpoints/actor/iter_0000002', 'uuid': '106655687377610775177405731879370745061', 'func_name': 'local_step', 'event': 'start', 'time': 1791215203811275000, 'log_exceptions': False}
DEBUG    c10d-NullHandler-dcp_logger:logger.py:104 {'checkpoint_id': '/private/var/folders/12/3pb2615n5wddcr6spjcz8_pw0000gn/T/pytest-of-0z5a/pytest-317/test_rejects_unbound_model_and4/signals-0/run/checkpoints/actor/iter_0000002', 'uuid': '106655687377610775177405731879370745061', 'func_name': 'local_step', 'event': 'end', 'time': 1791215203811417000, 'log_exceptions': False, 'times_spent': 142000}
DEBUG    c10d-NullHandler-dcp_logger:logger.py:86 {'checkpoint_id': '/private/var/folders/12/3pb2615n5wddcr6spjcz8_pw0000gn/T/pytest-of-0z5a/pytest-317/test_rejects_unbound_model_and4/signals-0/run/checkpoints/actor/iter_0000002', 'uuid': '336638250369416288976656361597146132487', 'func_name': 'global_step', 'event': 'start', 'time': 1791215203811451000, 'log_exceptions': False}
DEBUG    c10d-NullHandler-dcp_logger:logger.py:104 {'checkpoint_id': '/private/var/folders/12/3pb2615n5wddcr6spjcz8_pw0000gn/T/pytest-of-0z5a/pytest-317/test_rejects_unbound_model_and4/signals-0/run/checkpoints/actor/iter_0000002', 'uuid': '336638250369416288976656361597146132487', 'func_name': 'global_step', 'event': 'end', 'time': 1791215203811492000, 'log_exceptions': False, 'times_spent': 41000}
DEBUG    c10d-NullHandler-dcp_logger:logger.py:86 {'checkpoint_id': '/private/var/folders/12/3pb2615n5wddcr6spjcz8_pw0000gn/T/pytest-of-0z5a/pytest-317/test_rejects_unbound_model_and4/signals-0/run/checkpoints/actor/iter_0000002', 'uuid': '268204851328048979050908249632966854578', 'func_name': 'write_data', 'event': 'start', 'time': 1791215203811517000, 'log_exceptions': False}
DEBUG    c10d-NullHandler-dcp_logger:logger.py:104 {'checkpoint_id': '/private/var/folders/12/3pb2615n5wddcr6spjcz8_pw0000gn/T/pytest-of-0z5a/pytest-317/test_rejects_unbound_model_and4/signals-0/run/checkpoints/actor/iter_0000002', 'uuid': '268204851328048979050908249632966854578', 'func_name': 'write_data', 'event': 'end', 'time': 1791215203812119000, 'log_exceptions': False, 'times_spent': 602000}
DEBUG    c10d-NullHandler-dcp_logger:logger.py:86 {'checkpoint_id': '/private/var/folders/12/3pb2615n5wddcr6spjcz8_pw0000gn/T/pytest-of-0z5a/pytest-317/test_rejects_unbound_model_and4/signals-0/run/checkpoints/actor/iter_0000002', 'uuid': '337439545377022077004838522902846424743', 'func_name': 'finish_checkpoint', 'event': 'start', 'time': 1791215203812148000, 'log_exceptions': False}
DEBUG    c10d-NullHandler-dcp_logger:logger.py:104 {'checkpoint_id': '/private/var/folders/12/3pb2615n5wddcr6spjcz8_pw0000gn/T/pytest-of-0z5a/pytest-317/test_rejects_unbound_model_and4/signals-0/run/checkpoints/actor/iter_0000002', 'uuid': '337439545377022077004838522902846424743', 'func_name': 'finish_checkpoint', 'event': 'end', 'time': 1791215203812354000, 'log_exceptions': False, 'times_spent': 206000}
DEBUG    c10d-NullHandler-dcp_logger:logger.py:104 {'checkpoint_id': '/private/var/folders/12/3pb2615n5wddcr6spjcz8_pw0000gn/T/pytest-of-0z5a/pytest-317/test_rejects_unbound_model_and4/signals-0/run/checkpoints/actor/iter_0000002', 'uuid': '326600477435689897852995507620785285021', 'planner': 'DefaultSavePlanner', 'func_name': 'save', 'event': 'end', 'time': 1791215203812373000, 'log_exceptions': True, 'times_spent': 1340000}
_ ERROR at setup of test_rejects_unbound_model_and_publications[learning-missing_tensor] _
tests/test_native_qualification_chain.py:83: in chain
    replace_digest(run, step, digest)
tests/test_native_qualification_chain.py:32: in replace_digest
    sample["recurrent_inputs"].publication_digest = digest
    ^^^^^^^^^^^^^^^^^^^^^^^^^^^^^^^^^^^^^^^^^^^^^
<string>:4: in __setattr__
    ???
E   dataclasses.FrozenInstanceError: cannot assign to field 'publication_digest'
------------------------------ Captured log setup ------------------------------
DEBUG    c10d-NullHandler-dcp_logger:logger.py:86 {'checkpoint_id': '/private/var/folders/12/3pb2615n5wddcr6spjcz8_pw0000gn/T/pytest-of-0z5a/pytest-317/test_rejects_unbound_model_and5/signals-0/run/checkpoints/actor/iter_0000000', 'uuid': '39134541706069175677175616442712253809', 'planner': 'DefaultSavePlanner', 'func_name': 'save', 'event': 'start', 'time': 1791215203903731000, 'log_exceptions': True}
DEBUG    c10d-NullHandler-dcp_logger:logger.py:86 {'checkpoint_id': None, 'uuid': '295881939172949781493820727127198662679', 'func_name': '_stateful_to_state_dict', 'event': 'start', 'time': 1791215203903818000, 'log_exceptions': True}
DEBUG    c10d-NullHandler-dcp_logger:logger.py:86 {'checkpoint_id': None, 'uuid': '109428993412377028998083074053475919899', 'func_name': '_stateful_to_state_dict.model.weight', 'event': 'start', 'time': 1791215203903852000, 'log_exceptions': True}
DEBUG    c10d-NullHandler-dcp_logger:logger.py:104 {'checkpoint_id': None, 'uuid': '109428993412377028998083074053475919899', 'func_name': '_stateful_to_state_dict.model.weight', 'event': 'end', 'time': 1791215203903877000, 'log_exceptions': True, 'times_spent': 25000}
DEBUG    c10d-NullHandler-dcp_logger:logger.py:86 {'checkpoint_id': None, 'uuid': '167581375178027189035838250564404822067', 'func_name': '_stateful_to_state_dict.optimizer.state.exp_avg.model.weight', 'event': 'start', 'time': 1791215203903898000, 'log_exceptions': True}
DEBUG    c10d-NullHandler-dcp_logger:logger.py:104 {'checkpoint_id': None, 'uuid': '167581375178027189035838250564404822067', 'func_name': '_stateful_to_state_dict.optimizer.state.exp_avg.model.weight', 'event': 'end', 'time': 1791215203903913000, 'log_exceptions': True, 'times_spent': 15000}
DEBUG    c10d-NullHandler-dcp_logger:logger.py:86 {'checkpoint_id': None, 'uuid': '98219267552643404270250508141410494976', 'func_name': '_stateful_to_state_dict.optimizer.state.exp_avg_sq.model.weight', 'event': 'start', 'time': 1791215203903930000, 'log_exceptions': True}
DEBUG    c10d-NullHandler-dcp_logger:logger.py:104 {'checkpoint_id': None, 'uuid': '98219267552643404270250508141410494976', 'func_name': '_stateful_to_state_dict.optimizer.state.exp_avg_sq.model.weight', 'event': 'end', 'time': 1791215203903944000, 'log_exceptions': True, 'times_spent': 13000}
DEBUG    c10d-NullHandler-dcp_logger:logger.py:86 {'checkpoint_id': None, 'uuid': '158900626258833103278172459790890012695', 'func_name': '_stateful_to_state_dict.rng_state/shard_0.0_1.1', 'event': 'start', 'time': 1791215203903960000, 'log_exceptions': True}
DEBUG    c10d-NullHandler-dcp_logger:logger.py:104 {'checkpoint_id': None, 'uuid': '158900626258833103278172459790890012695', 'func_name': '_stateful_to_state_dict.rng_state/shard_0.0_1.1', 'event': 'end', 'time': 1791215203903973000, 'log_exceptions': True, 'times_spent': 13000}
DEBUG    c10d-NullHandler-dcp_logger:logger.py:104 {'checkpoint_id': None, 'uuid': '295881939172949781493820727127198662679', 'func_name': '_stateful_to_state_dict', 'event': 'end', 'time': 1791215203903983000, 'log_exceptions': True, 'times_spent': 165000}
DEBUG    c10d-NullHandler-dcp_logger:logger.py:86 {'checkpoint_id': '/private/var/folders/12/3pb2615n5wddcr6spjcz8_pw0000gn/T/pytest-of-0z5a/pytest-317/test_rejects_unbound_model_and5/signals-0/run/checkpoints/actor/iter_0000000', 'uuid': '246512901560266267705524327554413133443', 'func_name': 'local_step', 'event': 'start', 'time': 1791215203904006000, 'log_exceptions': False}
DEBUG    c10d-NullHandler-dcp_logger:logger.py:104 {'checkpoint_id': '/private/var/folders/12/3pb2615n5wddcr6spjcz8_pw0000gn/T/pytest-of-0z5a/pytest-317/test_rejects_unbound_model_and5/signals-0/run/checkpoints/actor/iter_0000000', 'uuid': '246512901560266267705524327554413133443', 'func_name': 'local_step', 'event': 'end', 'time': 1791215203904153000, 'log_exceptions': False, 'times_spent': 147000}
DEBUG    c10d-NullHandler-dcp_logger:logger.py:86 {'checkpoint_id': '/private/var/folders/12/3pb2615n5wddcr6spjcz8_pw0000gn/T/pytest-of-0z5a/pytest-317/test_rejects_unbound_model_and5/signals-0/run/checkpoints/actor/iter_0000000', 'uuid': '297381992186516331064345684032783074308', 'func_name': 'global_step', 'event': 'start', 'time': 1791215203904181000, 'log_exceptions': False}
DEBUG    c10d-NullHandler-dcp_logger:logger.py:104 {'checkpoint_id': '/private/var/folders/12/3pb2615n5wddcr6spjcz8_pw0000gn/T/pytest-of-0z5a/pytest-317/test_rejects_unbound_model_and5/signals-0/run/checkpoints/actor/iter_0000000', 'uuid': '297381992186516331064345684032783074308', 'func_name': 'global_step', 'event': 'end', 'time': 1791215203904230000, 'log_exceptions': False, 'times_spent': 49000}
DEBUG    c10d-NullHandler-dcp_logger:logger.py:86 {'checkpoint_id': '/private/var/folders/12/3pb2615n5wddcr6spjcz8_pw0000gn/T/pytest-of-0z5a/pytest-317/test_rejects_unbound_model_and5/signals-0/run/checkpoints/actor/iter_0000000', 'uuid': '145973644150927963286337560002911492548', 'func_name': 'write_data', 'event': 'start', 'time': 1791215203904257000, 'log_exceptions': False}
DEBUG    c10d-NullHandler-dcp_logger:logger.py:104 {'checkpoint_id': '/private/var/folders/12/3pb2615n5wddcr6spjcz8_pw0000gn/T/pytest-of-0z5a/pytest-317/test_rejects_unbound_model_and5/signals-0/run/checkpoints/actor/iter_0000000', 'uuid': '145973644150927963286337560002911492548', 'func_name': 'write_data', 'event': 'end', 'time': 1791215203904843000, 'log_exceptions': False, 'times_spent': 586000}
DEBUG    c10d-NullHandler-dcp_logger:logger.py:86 {'checkpoint_id': '/private/var/folders/12/3pb2615n5wddcr6spjcz8_pw0000gn/T/pytest-of-0z5a/pytest-317/test_rejects_unbound_model_and5/signals-0/run/checkpoints/actor/iter_0000000', 'uuid': '248206279589575712033637663041212118840', 'func_name': 'finish_checkpoint', 'event': 'start', 'time': 1791215203904903000, 'log_exceptions': False}
DEBUG    c10d-NullHandler-dcp_logger:logger.py:104 {'checkpoint_id': '/private/var/folders/12/3pb2615n5wddcr6spjcz8_pw0000gn/T/pytest-of-0z5a/pytest-317/test_rejects_unbound_model_and5/signals-0/run/checkpoints/actor/iter_0000000', 'uuid': '248206279589575712033637663041212118840', 'func_name': 'finish_checkpoint', 'event': 'end', 'time': 1791215203905138000, 'log_exceptions': False, 'times_spent': 235000}
DEBUG    c10d-NullHandler-dcp_logger:logger.py:104 {'checkpoint_id': '/private/var/folders/12/3pb2615n5wddcr6spjcz8_pw0000gn/T/pytest-of-0z5a/pytest-317/test_rejects_unbound_model_and5/signals-0/run/checkpoints/actor/iter_0000000', 'uuid': '39134541706069175677175616442712253809', 'planner': 'DefaultSavePlanner', 'func_name': 'save', 'event': 'end', 'time': 1791215203905161000, 'log_exceptions': True, 'times_spent': 1430000}
DEBUG    c10d-NullHandler-dcp_logger:logger.py:86 {'checkpoint_id': '/private/var/folders/12/3pb2615n5wddcr6spjcz8_pw0000gn/T/pytest-of-0z5a/pytest-317/test_rejects_unbound_model_and5/signals-0/run/checkpoints/actor/iter_0000001', 'uuid': '128958904978800948668175299142818313306', 'planner': 'DefaultSavePlanner', 'func_name': 'save', 'event': 'start', 'time': 1791215203905729000, 'log_exceptions': True}
DEBUG    c10d-NullHandler-dcp_logger:logger.py:86 {'checkpoint_id': None, 'uuid': '336876426158020611602381694763807998080', 'func_name': '_stateful_to_state_dict', 'event': 'start', 'time': 1791215203905791000, 'log_exceptions': True}
DEBUG    c10d-NullHandler-dcp_logger:logger.py:86 {'checkpoint_id': None, 'uuid': '284390941230310419831968967435324455844', 'func_name': '_stateful_to_state_dict.model.weight', 'event': 'start', 'time': 1791215203905818000, 'log_exceptions': True}
DEBUG    c10d-NullHandler-dcp_logger:logger.py:104 {'checkpoint_id': None, 'uuid': '284390941230310419831968967435324455844', 'func_name': '_stateful_to_state_dict.model.weight', 'event': 'end', 'time': 1791215203905836000, 'log_exceptions': True, 'times_spent': 18000}
DEBUG    c10d-NullHandler-dcp_logger:logger.py:86 {'checkpoint_id': None, 'uuid': '314156699985534649176284944954362949942', 'func_name': '_stateful_to_state_dict.optimizer.state.exp_avg.model.weight', 'event': 'start', 'time': 1791215203905854000, 'log_exceptions': True}
DEBUG    c10d-NullHandler-dcp_logger:logger.py:104 {'checkpoint_id': None, 'uuid': '314156699985534649176284944954362949942', 'func_name': '_stateful_to_state_dict.optimizer.state.exp_avg.model.weight', 'event': 'end', 'time': 1791215203905868000, 'log_exceptions': True, 'times_spent': 14000}
DEBUG    c10d-NullHandler-dcp_logger:logger.py:86 {'checkpoint_id': None, 'uuid': '164564394534058043492461425773737296364', 'func_name': '_stateful_to_state_dict.optimizer.state.exp_avg_sq.model.weight', 'event': 'start', 'time': 1791215203905885000, 'log_exceptions': True}
DEBUG    c10d-NullHandler-dcp_logger:logger.py:104 {'checkpoint_id': None, 'uuid': '164564394534058043492461425773737296364', 'func_name': '_stateful_to_state_dict.optimizer.state.exp_avg_sq.model.weight', 'event': 'end', 'time': 1791215203905898000, 'log_exceptions': True, 'times_spent': 13000}
DEBUG    c10d-NullHandler-dcp_logger:logger.py:86 {'checkpoint_id': None, 'uuid': '311853296438884356073473642648884661331', 'func_name': '_stateful_to_state_dict.rng_state/shard_0.0_1.1', 'event': 'start', 'time': 1791215203905913000, 'log_exceptions': True}
DEBUG    c10d-NullHandler-dcp_logger:logger.py:104 {'checkpoint_id': None, 'uuid': '311853296438884356073473642648884661331', 'func_name': '_stateful_to_state_dict.rng_state/shard_0.0_1.1', 'event': 'end', 'time': 1791215203905926000, 'log_exceptions': True, 'times_spent': 13000}
DEBUG    c10d-NullHandler-dcp_logger:logger.py:104 {'checkpoint_id': None, 'uuid': '336876426158020611602381694763807998080', 'func_name': '_stateful_to_state_dict', 'event': 'end', 'time': 1791215203905936000, 'log_exceptions': True, 'times_spent': 145000}
DEBUG    c10d-NullHandler-dcp_logger:logger.py:86 {'checkpoint_id': '/private/var/folders/12/3pb2615n5wddcr6spjcz8_pw0000gn/T/pytest-of-0z5a/pytest-317/test_rejects_unbound_model_and5/signals-0/run/checkpoints/actor/iter_0000001', 'uuid': '195681929731388276937099563459602838609', 'func_name': 'local_step', 'event': 'start', 'time': 1791215203905972000, 'log_exceptions': False}
DEBUG    c10d-NullHandler-dcp_logger:logger.py:104 {'checkpoint_id': '/private/var/folders/12/3pb2615n5wddcr6spjcz8_pw0000gn/T/pytest-of-0z5a/pytest-317/test_rejects_unbound_model_and5/signals-0/run/checkpoints/actor/iter_0000001', 'uuid': '195681929731388276937099563459602838609', 'func_name': 'local_step', 'event': 'end', 'time': 1791215203906110000, 'log_exceptions': False, 'times_spent': 138000}
DEBUG    c10d-NullHandler-dcp_logger:logger.py:86 {'checkpoint_id': '/private/var/folders/12/3pb2615n5wddcr6spjcz8_pw0000gn/T/pytest-of-0z5a/pytest-317/test_rejects_unbound_model_and5/signals-0/run/checkpoints/actor/iter_0000001', 'uuid': '74114020405641651089934044579690997266', 'func_name': 'global_step', 'event': 'start', 'time': 1791215203906137000, 'log_exceptions': False}
DEBUG    c10d-NullHandler-dcp_logger:logger.py:104 {'checkpoint_id': '/private/var/folders/12/3pb2615n5wddcr6spjcz8_pw0000gn/T/pytest-of-0z5a/pytest-317/test_rejects_unbound_model_and5/signals-0/run/checkpoints/actor/iter_0000001', 'uuid': '74114020405641651089934044579690997266', 'func_name': 'global_step', 'event': 'end', 'time': 1791215203906178000, 'log_exceptions': False, 'times_spent': 41000}
DEBUG    c10d-NullHandler-dcp_logger:logger.py:86 {'checkpoint_id': '/private/var/folders/12/3pb2615n5wddcr6spjcz8_pw0000gn/T/pytest-of-0z5a/pytest-317/test_rejects_unbound_model_and5/signals-0/run/checkpoints/actor/iter_0000001', 'uuid': '192558326290348544528006691384477304695', 'func_name': 'write_data', 'event': 'start', 'time': 1791215203906202000, 'log_exceptions': False}
DEBUG    c10d-NullHandler-dcp_logger:logger.py:104 {'checkpoint_id': '/private/var/folders/12/3pb2615n5wddcr6spjcz8_pw0000gn/T/pytest-of-0z5a/pytest-317/test_rejects_unbound_model_and5/signals-0/run/checkpoints/actor/iter_0000001', 'uuid': '192558326290348544528006691384477304695', 'func_name': 'write_data', 'event': 'end', 'time': 1791215203906735000, 'log_exceptions': False, 'times_spent': 533000}
DEBUG    c10d-NullHandler-dcp_logger:logger.py:86 {'checkpoint_id': '/private/var/folders/12/3pb2615n5wddcr6spjcz8_pw0000gn/T/pytest-of-0z5a/pytest-317/test_rejects_unbound_model_and5/signals-0/run/checkpoints/actor/iter_0000001', 'uuid': '337318192544893688002966992752532285714', 'func_name': 'finish_checkpoint', 'event': 'start', 'time': 1791215203906773000, 'log_exceptions': False}
DEBUG    c10d-NullHandler-dcp_logger:logger.py:104 {'checkpoint_id': '/private/var/folders/12/3pb2615n5wddcr6spjcz8_pw0000gn/T/pytest-of-0z5a/pytest-317/test_rejects_unbound_model_and5/signals-0/run/checkpoints/actor/iter_0000001', 'uuid': '337318192544893688002966992752532285714', 'func_name': 'finish_checkpoint', 'event': 'end', 'time': 1791215203906987000, 'log_exceptions': False, 'times_spent': 214000}
DEBUG    c10d-NullHandler-dcp_logger:logger.py:104 {'checkpoint_id': '/private/var/folders/12/3pb2615n5wddcr6spjcz8_pw0000gn/T/pytest-of-0z5a/pytest-317/test_rejects_unbound_model_and5/signals-0/run/checkpoints/actor/iter_0000001', 'uuid': '128958904978800948668175299142818313306', 'planner': 'DefaultSavePlanner', 'func_name': 'save', 'event': 'end', 'time': 1791215203907008000, 'log_exceptions': True, 'times_spent': 1279000}
DEBUG    c10d-NullHandler-dcp_logger:logger.py:86 {'checkpoint_id': '/private/var/folders/12/3pb2615n5wddcr6spjcz8_pw0000gn/T/pytest-of-0z5a/pytest-317/test_rejects_unbound_model_and5/signals-0/run/checkpoints/actor/iter_0000002', 'uuid': '70109875713459753248239675283724235385', 'planner': 'DefaultSavePlanner', 'func_name': 'save', 'event': 'start', 'time': 1791215203907426000, 'log_exceptions': True}
DEBUG    c10d-NullHandler-dcp_logger:logger.py:86 {'checkpoint_id': None, 'uuid': '38671747778911169732602596757395399', 'func_name': '_stateful_to_state_dict', 'event': 'start', 'time': 1791215203907470000, 'log_exceptions': True}
DEBUG    c10d-NullHandler-dcp_logger:logger.py:86 {'checkpoint_id': None, 'uuid': '64197347072140277317802830607588552752', 'func_name': '_stateful_to_state_dict.model.weight', 'event': 'start', 'time': 1791215203907497000, 'log_exceptions': True}
DEBUG    c10d-NullHandler-dcp_logger:logger.py:104 {'checkpoint_id': None, 'uuid': '64197347072140277317802830607588552752', 'func_name': '_stateful_to_state_dict.model.weight', 'event': 'end', 'time': 1791215203907511000, 'log_exceptions': True, 'times_spent': 14000}
DEBUG    c10d-NullHandler-dcp_logger:logger.py:86 {'checkpoint_id': None, 'uuid': '39378629583015188210491142590354045776', 'func_name': '_stateful_to_state_dict.optimizer.state.exp_avg.model.weight', 'event': 'start', 'time': 1791215203907526000, 'log_exceptions': True}
DEBUG    c10d-NullHandler-dcp_logger:logger.py:104 {'checkpoint_id': None, 'uuid': '39378629583015188210491142590354045776', 'func_name': '_stateful_to_state_dict.optimizer.state.exp_avg.model.weight', 'event': 'end', 'time': 1791215203907538000, 'log_exceptions': True, 'times_spent': 12000}
DEBUG    c10d-NullHandler-dcp_logger:logger.py:86 {'checkpoint_id': None, 'uuid': '147903471577644484128288711520612482235', 'func_name': '_stateful_to_state_dict.optimizer.state.exp_avg_sq.model.weight', 'event': 'start', 'time': 1791215203907574000, 'log_exceptions': True}
DEBUG    c10d-NullHandler-dcp_logger:logger.py:104 {'checkpoint_id': None, 'uuid': '147903471577644484128288711520612482235', 'func_name': '_stateful_to_state_dict.optimizer.state.exp_avg_sq.model.weight', 'event': 'end', 'time': 1791215203907598000, 'log_exceptions': True, 'times_spent': 24000}
DEBUG    c10d-NullHandler-dcp_logger:logger.py:86 {'checkpoint_id': None, 'uuid': '201863865930433522867957413939389695895', 'func_name': '_stateful_to_state_dict.rng_state/shard_0.0_1.1', 'event': 'start', 'time': 1791215203907619000, 'log_exceptions': True}
DEBUG    c10d-NullHandler-dcp_logger:logger.py:104 {'checkpoint_id': None, 'uuid': '201863865930433522867957413939389695895', 'func_name': '_stateful_to_state_dict.rng_state/shard_0.0_1.1', 'event': 'end', 'time': 1791215203907634000, 'log_exceptions': True, 'times_spent': 15000}
DEBUG    c10d-NullHandler-dcp_logger:logger.py:104 {'checkpoint_id': None, 'uuid': '38671747778911169732602596757395399', 'func_name': '_stateful_to_state_dict', 'event': 'end', 'time': 1791215203907645000, 'log_exceptions': True, 'times_spent': 174000}
DEBUG    c10d-NullHandler-dcp_logger:logger.py:86 {'checkpoint_id': '/private/var/folders/12/3pb2615n5wddcr6spjcz8_pw0000gn/T/pytest-of-0z5a/pytest-317/test_rejects_unbound_model_and5/signals-0/run/checkpoints/actor/iter_0000002', 'uuid': '80458474571556450281528169922943407442', 'func_name': 'local_step', 'event': 'start', 'time': 1791215203907667000, 'log_exceptions': False}
DEBUG    c10d-NullHandler-dcp_logger:logger.py:104 {'checkpoint_id': '/private/var/folders/12/3pb2615n5wddcr6spjcz8_pw0000gn/T/pytest-of-0z5a/pytest-317/test_rejects_unbound_model_and5/signals-0/run/checkpoints/actor/iter_0000002', 'uuid': '80458474571556450281528169922943407442', 'func_name': 'local_step', 'event': 'end', 'time': 1791215203907802000, 'log_exceptions': False, 'times_spent': 135000}
DEBUG    c10d-NullHandler-dcp_logger:logger.py:86 {'checkpoint_id': '/private/var/folders/12/3pb2615n5wddcr6spjcz8_pw0000gn/T/pytest-of-0z5a/pytest-317/test_rejects_unbound_model_and5/signals-0/run/checkpoints/actor/iter_0000002', 'uuid': '303779875561189563478438671462414046983', 'func_name': 'global_step', 'event': 'start', 'time': 1791215203907827000, 'log_exceptions': False}
DEBUG    c10d-NullHandler-dcp_logger:logger.py:104 {'checkpoint_id': '/private/var/folders/12/3pb2615n5wddcr6spjcz8_pw0000gn/T/pytest-of-0z5a/pytest-317/test_rejects_unbound_model_and5/signals-0/run/checkpoints/actor/iter_0000002', 'uuid': '303779875561189563478438671462414046983', 'func_name': 'global_step', 'event': 'end', 'time': 1791215203907864000, 'log_exceptions': False, 'times_spent': 37000}
DEBUG    c10d-NullHandler-dcp_logger:logger.py:86 {'checkpoint_id': '/private/var/folders/12/3pb2615n5wddcr6spjcz8_pw0000gn/T/pytest-of-0z5a/pytest-317/test_rejects_unbound_model_and5/signals-0/run/checkpoints/actor/iter_0000002', 'uuid': '168678693583595823043893925049316123361', 'func_name': 'write_data', 'event': 'start', 'time': 1791215203907891000, 'log_exceptions': False}
DEBUG    c10d-NullHandler-dcp_logger:logger.py:104 {'checkpoint_id': '/private/var/folders/12/3pb2615n5wddcr6spjcz8_pw0000gn/T/pytest-of-0z5a/pytest-317/test_rejects_unbound_model_and5/signals-0/run/checkpoints/actor/iter_0000002', 'uuid': '168678693583595823043893925049316123361', 'func_name': 'write_data', 'event': 'end', 'time': 1791215203908494000, 'log_exceptions': False, 'times_spent': 603000}
DEBUG    c10d-NullHandler-dcp_logger:logger.py:86 {'checkpoint_id': '/private/var/folders/12/3pb2615n5wddcr6spjcz8_pw0000gn/T/pytest-of-0z5a/pytest-317/test_rejects_unbound_model_and5/signals-0/run/checkpoints/actor/iter_0000002', 'uuid': '227865878352570918711724455286429459167', 'func_name': 'finish_checkpoint', 'event': 'start', 'time': 1791215203908522000, 'log_exceptions': False}
DEBUG    c10d-NullHandler-dcp_logger:logger.py:104 {'checkpoint_id': '/private/var/folders/12/3pb2615n5wddcr6spjcz8_pw0000gn/T/pytest-of-0z5a/pytest-317/test_rejects_unbound_model_and5/signals-0/run/checkpoints/actor/iter_0000002', 'uuid': '227865878352570918711724455286429459167', 'func_name': 'finish_checkpoint', 'event': 'end', 'time': 1791215203908710000, 'log_exceptions': False, 'times_spent': 188000}
DEBUG    c10d-NullHandler-dcp_logger:logger.py:104 {'checkpoint_id': '/private/var/folders/12/3pb2615n5wddcr6spjcz8_pw0000gn/T/pytest-of-0z5a/pytest-317/test_rejects_unbound_model_and5/signals-0/run/checkpoints/actor/iter_0000002', 'uuid': '70109875713459753248239675283724235385', 'planner': 'DefaultSavePlanner', 'func_name': 'save', 'event': 'end', 'time': 1791215203908729000, 'log_exceptions': True, 'times_spent': 1302000}
_ ERROR at setup of test_rejects_unbound_model_and_publications[learning-duplicate_tensor] _
tests/test_native_qualification_chain.py:83: in chain
    replace_digest(run, step, digest)
tests/test_native_qualification_chain.py:32: in replace_digest
    sample["recurrent_inputs"].publication_digest = digest
    ^^^^^^^^^^^^^^^^^^^^^^^^^^^^^^^^^^^^^^^^^^^^^
<string>:4: in __setattr__
    ???
E   dataclasses.FrozenInstanceError: cannot assign to field 'publication_digest'
------------------------------ Captured log setup ------------------------------
DEBUG    c10d-NullHandler-dcp_logger:logger.py:86 {'checkpoint_id': '/private/var/folders/12/3pb2615n5wddcr6spjcz8_pw0000gn/T/pytest-of-0z5a/pytest-317/test_rejects_unbound_model_and6/signals-0/run/checkpoints/actor/iter_0000000', 'uuid': '213242541291308988979236430072824954454', 'planner': 'DefaultSavePlanner', 'func_name': 'save', 'event': 'start', 'time': 1791215204005178000, 'log_exceptions': True}
DEBUG    c10d-NullHandler-dcp_logger:logger.py:86 {'checkpoint_id': None, 'uuid': '188544120085149134738057197153710996062', 'func_name': '_stateful_to_state_dict', 'event': 'start', 'time': 1791215204005260000, 'log_exceptions': True}
DEBUG    c10d-NullHandler-dcp_logger:logger.py:86 {'checkpoint_id': None, 'uuid': '323386757018820795077797395266010952861', 'func_name': '_stateful_to_state_dict.model.weight', 'event': 'start', 'time': 1791215204005289000, 'log_exceptions': True}
DEBUG    c10d-NullHandler-dcp_logger:logger.py:104 {'checkpoint_id': None, 'uuid': '323386757018820795077797395266010952861', 'func_name': '_stateful_to_state_dict.model.weight', 'event': 'end', 'time': 1791215204005311000, 'log_exceptions': True, 'times_spent': 22000}
DEBUG    c10d-NullHandler-dcp_logger:logger.py:86 {'checkpoint_id': None, 'uuid': '248307787400002780689517914888850450702', 'func_name': '_stateful_to_state_dict.optimizer.state.exp_avg.model.weight', 'event': 'start', 'time': 1791215204005331000, 'log_exceptions': True}
DEBUG    c10d-NullHandler-dcp_logger:logger.py:104 {'checkpoint_id': None, 'uuid': '248307787400002780689517914888850450702', 'func_name': '_stateful_to_state_dict.optimizer.state.exp_avg.model.weight', 'event': 'end', 'time': 1791215204005346000, 'log_exceptions': True, 'times_spent': 15000}
DEBUG    c10d-NullHandler-dcp_logger:logger.py:86 {'checkpoint_id': None, 'uuid': '106282042393511022034895573160762936131', 'func_name': '_stateful_to_state_dict.optimizer.state.exp_avg_sq.model.weight', 'event': 'start', 'time': 1791215204005364000, 'log_exceptions': True}
DEBUG    c10d-NullHandler-dcp_logger:logger.py:104 {'checkpoint_id': None, 'uuid': '106282042393511022034895573160762936131', 'func_name': '_stateful_to_state_dict.optimizer.state.exp_avg_sq.model.weight', 'event': 'end', 'time': 1791215204005376000, 'log_exceptions': True, 'times_spent': 12000}
DEBUG    c10d-NullHandler-dcp_logger:logger.py:86 {'checkpoint_id': None, 'uuid': '89285780414257030086842566418166971966', 'func_name': '_stateful_to_state_dict.rng_state/shard_0.0_1.1', 'event': 'start', 'time': 1791215204005392000, 'log_exceptions': True}
DEBUG    c10d-NullHandler-dcp_logger:logger.py:104 {'checkpoint_id': None, 'uuid': '89285780414257030086842566418166971966', 'func_name': '_stateful_to_state_dict.rng_state/shard_0.0_1.1', 'event': 'end', 'time': 1791215204005405000, 'log_exceptions': True, 'times_spent': 13000}
DEBUG    c10d-NullHandler-dcp_logger:logger.py:104 {'checkpoint_id': None, 'uuid': '188544120085149134738057197153710996062', 'func_name': '_stateful_to_state_dict', 'event': 'end', 'time': 1791215204005416000, 'log_exceptions': True, 'times_spent': 156000}
DEBUG    c10d-NullHandler-dcp_logger:logger.py:86 {'checkpoint_id': '/private/var/folders/12/3pb2615n5wddcr6spjcz8_pw0000gn/T/pytest-of-0z5a/pytest-317/test_rejects_unbound_model_and6/signals-0/run/checkpoints/actor/iter_0000000', 'uuid': '284231299320738324908672927418880782000', 'func_name': 'local_step', 'event': 'start', 'time': 1791215204005439000, 'log_exceptions': False}
DEBUG    c10d-NullHandler-dcp_logger:logger.py:104 {'checkpoint_id': '/private/var/folders/12/3pb2615n5wddcr6spjcz8_pw0000gn/T/pytest-of-0z5a/pytest-317/test_rejects_unbound_model_and6/signals-0/run/checkpoints/actor/iter_0000000', 'uuid': '284231299320738324908672927418880782000', 'func_name': 'local_step', 'event': 'end', 'time': 1791215204005580000, 'log_exceptions': False, 'times_spent': 141000}
DEBUG    c10d-NullHandler-dcp_logger:logger.py:86 {'checkpoint_id': '/private/var/folders/12/3pb2615n5wddcr6spjcz8_pw0000gn/T/pytest-of-0z5a/pytest-317/test_rejects_unbound_model_and6/signals-0/run/checkpoints/actor/iter_0000000', 'uuid': '13737811070234412869487007297453930253', 'func_name': 'global_step', 'event': 'start', 'time': 1791215204005610000, 'log_exceptions': False}
DEBUG    c10d-NullHandler-dcp_logger:logger.py:104 {'checkpoint_id': '/private/var/folders/12/3pb2615n5wddcr6spjcz8_pw0000gn/T/pytest-of-0z5a/pytest-317/test_rejects_unbound_model_and6/signals-0/run/checkpoints/actor/iter_0000000', 'uuid': '13737811070234412869487007297453930253', 'func_name': 'global_step', 'event': 'end', 'time': 1791215204005658000, 'log_exceptions': False, 'times_spent': 48000}
DEBUG    c10d-NullHandler-dcp_logger:logger.py:86 {'checkpoint_id': '/private/var/folders/12/3pb2615n5wddcr6spjcz8_pw0000gn/T/pytest-of-0z5a/pytest-317/test_rejects_unbound_model_and6/signals-0/run/checkpoints/actor/iter_0000000', 'uuid': '96510865572345020451774212928221907431', 'func_name': 'write_data', 'event': 'start', 'time': 1791215204005683000, 'log_exceptions': False}
DEBUG    c10d-NullHandler-dcp_logger:logger.py:104 {'checkpoint_id': '/private/var/folders/12/3pb2615n5wddcr6spjcz8_pw0000gn/T/pytest-of-0z5a/pytest-317/test_rejects_unbound_model_and6/signals-0/run/checkpoints/actor/iter_0000000', 'uuid': '96510865572345020451774212928221907431', 'func_name': 'write_data', 'event': 'end', 'time': 1791215204006219000, 'log_exceptions': False, 'times_spent': 536000}
DEBUG    c10d-NullHandler-dcp_logger:logger.py:86 {'checkpoint_id': '/private/var/folders/12/3pb2615n5wddcr6spjcz8_pw0000gn/T/pytest-of-0z5a/pytest-317/test_rejects_unbound_model_and6/signals-0/run/checkpoints/actor/iter_0000000', 'uuid': '121674353487955083095447596290390080896', 'func_name': 'finish_checkpoint', 'event': 'start', 'time': 1791215204006261000, 'log_exceptions': False}
DEBUG    c10d-NullHandler-dcp_logger:logger.py:104 {'checkpoint_id': '/private/var/folders/12/3pb2615n5wddcr6spjcz8_pw0000gn/T/pytest-of-0z5a/pytest-317/test_rejects_unbound_model_and6/signals-0/run/checkpoints/actor/iter_0000000', 'uuid': '121674353487955083095447596290390080896', 'func_name': 'finish_checkpoint', 'event': 'end', 'time': 1791215204006472000, 'log_exceptions': False, 'times_spent': 211000}
DEBUG    c10d-NullHandler-dcp_logger:logger.py:104 {'checkpoint_id': '/private/var/folders/12/3pb2615n5wddcr6spjcz8_pw0000gn/T/pytest-of-0z5a/pytest-317/test_rejects_unbound_model_and6/signals-0/run/checkpoints/actor/iter_0000000', 'uuid': '213242541291308988979236430072824954454', 'planner': 'DefaultSavePlanner', 'func_name': 'save', 'event': 'end', 'time': 1791215204006493000, 'log_exceptions': True, 'times_spent': 1315000}
DEBUG    c10d-NullHandler-dcp_logger:logger.py:86 {'checkpoint_id': '/private/var/folders/12/3pb2615n5wddcr6spjcz8_pw0000gn/T/pytest-of-0z5a/pytest-317/test_rejects_unbound_model_and6/signals-0/run/checkpoints/actor/iter_0000001', 'uuid': '253147102873063894980776445282261788814', 'planner': 'DefaultSavePlanner', 'func_name': 'save', 'event': 'start', 'time': 1791215204006951000, 'log_exceptions': True}
DEBUG    c10d-NullHandler-dcp_logger:logger.py:86 {'checkpoint_id': None, 'uuid': '204305865562585824176306020745475510561', 'func_name': '_stateful_to_state_dict', 'event': 'start', 'time': 1791215204006991000, 'log_exceptions': True}
DEBUG    c10d-NullHandler-dcp_logger:logger.py:86 {'checkpoint_id': None, 'uuid': '201395461157272677233233289774434022769', 'func_name': '_stateful_to_state_dict.model.weight', 'event': 'start', 'time': 1791215204007018000, 'log_exceptions': True}
DEBUG    c10d-NullHandler-dcp_logger:logger.py:104 {'checkpoint_id': None, 'uuid': '201395461157272677233233289774434022769', 'func_name': '_stateful_to_state_dict.model.weight', 'event': 'end', 'time': 1791215204007037000, 'log_exceptions': True, 'times_spent': 19000}
DEBUG    c10d-NullHandler-dcp_logger:logger.py:86 {'checkpoint_id': None, 'uuid': '267398309554671491194331887458649215381', 'func_name': '_stateful_to_state_dict.optimizer.state.exp_avg.model.weight', 'event': 'start', 'time': 1791215204007057000, 'log_exceptions': True}
DEBUG    c10d-NullHandler-dcp_logger:logger.py:104 {'checkpoint_id': None, 'uuid': '267398309554671491194331887458649215381', 'func_name': '_stateful_to_state_dict.optimizer.state.exp_avg.model.weight', 'event': 'end', 'time': 1791215204007070000, 'log_exceptions': True, 'times_spent': 13000}
DEBUG    c10d-NullHandler-dcp_logger:logger.py:86 {'checkpoint_id': None, 'uuid': '65581799039540020518727686026453210278', 'func_name': '_stateful_to_state_dict.optimizer.state.exp_avg_sq.model.weight', 'event': 'start', 'time': 1791215204007087000, 'log_exceptions': True}
DEBUG    c10d-NullHandler-dcp_logger:logger.py:104 {'checkpoint_id': None, 'uuid': '65581799039540020518727686026453210278', 'func_name': '_stateful_to_state_dict.optimizer.state.exp_avg_sq.model.weight', 'event': 'end', 'time': 1791215204007099000, 'log_exceptions': True, 'times_spent': 12000}
DEBUG    c10d-NullHandler-dcp_logger:logger.py:86 {'checkpoint_id': None, 'uuid': '117183586869097859652268568695390052896', 'func_name': '_stateful_to_state_dict.rng_state/shard_0.0_1.1', 'event': 'start', 'time': 1791215204007113000, 'log_exceptions': True}
DEBUG    c10d-NullHandler-dcp_logger:logger.py:104 {'checkpoint_id': None, 'uuid': '117183586869097859652268568695390052896', 'func_name': '_stateful_to_state_dict.rng_state/shard_0.0_1.1', 'event': 'end', 'time': 1791215204007140000, 'log_exceptions': True, 'times_spent': 27000}
DEBUG    c10d-NullHandler-dcp_logger:logger.py:104 {'checkpoint_id': None, 'uuid': '204305865562585824176306020745475510561', 'func_name': '_stateful_to_state_dict', 'event': 'end', 'time': 1791215204007160000, 'log_exceptions': True, 'times_spent': 169000}
DEBUG    c10d-NullHandler-dcp_logger:logger.py:86 {'checkpoint_id': '/private/var/folders/12/3pb2615n5wddcr6spjcz8_pw0000gn/T/pytest-of-0z5a/pytest-317/test_rejects_unbound_model_and6/signals-0/run/checkpoints/actor/iter_0000001', 'uuid': '295784707438423571264195902709574477779', 'func_name': 'local_step', 'event': 'start', 'time': 1791215204007187000, 'log_exceptions': False}
DEBUG    c10d-NullHandler-dcp_logger:logger.py:104 {'checkpoint_id': '/private/var/folders/12/3pb2615n5wddcr6spjcz8_pw0000gn/T/pytest-of-0z5a/pytest-317/test_rejects_unbound_model_and6/signals-0/run/checkpoints/actor/iter_0000001', 'uuid': '295784707438423571264195902709574477779', 'func_name': 'local_step', 'event': 'end', 'time': 1791215204007299000, 'log_exceptions': False, 'times_spent': 112000}
DEBUG    c10d-NullHandler-dcp_logger:logger.py:86 {'checkpoint_id': '/private/var/folders/12/3pb2615n5wddcr6spjcz8_pw0000gn/T/pytest-of-0z5a/pytest-317/test_rejects_unbound_model_and6/signals-0/run/checkpoints/actor/iter_0000001', 'uuid': '90541894564233425752834473427704051343', 'func_name': 'global_step', 'event': 'start', 'time': 1791215204007332000, 'log_exceptions': False}
DEBUG    c10d-NullHandler-dcp_logger:logger.py:104 {'checkpoint_id': '/private/var/folders/12/3pb2615n5wddcr6spjcz8_pw0000gn/T/pytest-of-0z5a/pytest-317/test_rejects_unbound_model_and6/signals-0/run/checkpoints/actor/iter_0000001', 'uuid': '90541894564233425752834473427704051343', 'func_name': 'global_step', 'event': 'end', 'time': 1791215204007389000, 'log_exceptions': False, 'times_spent': 57000}
DEBUG    c10d-NullHandler-dcp_logger:logger.py:86 {'checkpoint_id': '/private/var/folders/12/3pb2615n5wddcr6spjcz8_pw0000gn/T/pytest-of-0z5a/pytest-317/test_rejects_unbound_model_and6/signals-0/run/checkpoints/actor/iter_0000001', 'uuid': '122768603797557165485476463972878964791', 'func_name': 'write_data', 'event': 'start', 'time': 1791215204007421000, 'log_exceptions': False}
DEBUG    c10d-NullHandler-dcp_logger:logger.py:104 {'checkpoint_id': '/private/var/folders/12/3pb2615n5wddcr6spjcz8_pw0000gn/T/pytest-of-0z5a/pytest-317/test_rejects_unbound_model_and6/signals-0/run/checkpoints/actor/iter_0000001', 'uuid': '122768603797557165485476463972878964791', 'func_name': 'write_data', 'event': 'end', 'time': 1791215204007910000, 'log_exceptions': False, 'times_spent': 489000}
DEBUG    c10d-NullHandler-dcp_logger:logger.py:86 {'checkpoint_id': '/private/var/folders/12/3pb2615n5wddcr6spjcz8_pw0000gn/T/pytest-of-0z5a/pytest-317/test_rejects_unbound_model_and6/signals-0/run/checkpoints/actor/iter_0000001', 'uuid': '333107055260127241254560016779668935171', 'func_name': 'finish_checkpoint', 'event': 'start', 'time': 1791215204007940000, 'log_exceptions': False}
DEBUG    c10d-NullHandler-dcp_logger:logger.py:104 {'checkpoint_id': '/private/var/folders/12/3pb2615n5wddcr6spjcz8_pw0000gn/T/pytest-of-0z5a/pytest-317/test_rejects_unbound_model_and6/signals-0/run/checkpoints/actor/iter_0000001', 'uuid': '333107055260127241254560016779668935171', 'func_name': 'finish_checkpoint', 'event': 'end', 'time': 1791215204008136000, 'log_exceptions': False, 'times_spent': 196000}
DEBUG    c10d-NullHandler-dcp_logger:logger.py:104 {'checkpoint_id': '/private/var/folders/12/3pb2615n5wddcr6spjcz8_pw0000gn/T/pytest-of-0z5a/pytest-317/test_rejects_unbound_model_and6/signals-0/run/checkpoints/actor/iter_0000001', 'uuid': '253147102873063894980776445282261788814', 'planner': 'DefaultSavePlanner', 'func_name': 'save', 'event': 'end', 'time': 1791215204008152000, 'log_exceptions': True, 'times_spent': 1201000}
DEBUG    c10d-NullHandler-dcp_logger:logger.py:86 {'checkpoint_id': '/private/var/folders/12/3pb2615n5wddcr6spjcz8_pw0000gn/T/pytest-of-0z5a/pytest-317/test_rejects_unbound_model_and6/signals-0/run/checkpoints/actor/iter_0000002', 'uuid': '254036961675169000287375096366916045060', 'planner': 'DefaultSavePlanner', 'func_name': 'save', 'event': 'start', 'time': 1791215204008534000, 'log_exceptions': True}
DEBUG    c10d-NullHandler-dcp_logger:logger.py:86 {'checkpoint_id': None, 'uuid': '119072322514669859140714856043068628671', 'func_name': '_stateful_to_state_dict', 'event': 'start', 'time': 1791215204008570000, 'log_exceptions': True}
DEBUG    c10d-NullHandler-dcp_logger:logger.py:86 {'checkpoint_id': None, 'uuid': '271041393861456802754792920910562697840', 'func_name': '_stateful_to_state_dict.model.weight', 'event': 'start', 'time': 1791215204008590000, 'log_exceptions': True}
DEBUG    c10d-NullHandler-dcp_logger:logger.py:104 {'checkpoint_id': None, 'uuid': '271041393861456802754792920910562697840', 'func_name': '_stateful_to_state_dict.model.weight', 'event': 'end', 'time': 1791215204008605000, 'log_exceptions': True, 'times_spent': 15000}
DEBUG    c10d-NullHandler-dcp_logger:logger.py:86 {'checkpoint_id': None, 'uuid': '278643984768862618750059840449962502853', 'func_name': '_stateful_to_state_dict.optimizer.state.exp_avg.model.weight', 'event': 'start', 'time': 1791215204008621000, 'log_exceptions': True}
DEBUG    c10d-NullHandler-dcp_logger:logger.py:104 {'checkpoint_id': None, 'uuid': '278643984768862618750059840449962502853', 'func_name': '_stateful_to_state_dict.optimizer.state.exp_avg.model.weight', 'event': 'end', 'time': 1791215204008634000, 'log_exceptions': True, 'times_spent': 13000}
DEBUG    c10d-NullHandler-dcp_logger:logger.py:86 {'checkpoint_id': None, 'uuid': '202483266675217299110455887940745183257', 'func_name': '_stateful_to_state_dict.optimizer.state.exp_avg_sq.model.weight', 'event': 'start', 'time': 1791215204008648000, 'log_exceptions': True}
DEBUG    c10d-NullHandler-dcp_logger:logger.py:104 {'checkpoint_id': None, 'uuid': '202483266675217299110455887940745183257', 'func_name': '_stateful_to_state_dict.optimizer.state.exp_avg_sq.model.weight', 'event': 'end', 'time': 1791215204008659000, 'log_exceptions': True, 'times_spent': 11000}
DEBUG    c10d-NullHandler-dcp_logger:logger.py:86 {'checkpoint_id': None, 'uuid': '85844478312704812229821879580988686973', 'func_name': '_stateful_to_state_dict.rng_state/shard_0.0_1.1', 'event': 'start', 'time': 1791215204008673000, 'log_exceptions': True}
DEBUG    c10d-NullHandler-dcp_logger:logger.py:104 {'checkpoint_id': None, 'uuid': '85844478312704812229821879580988686973', 'func_name': '_stateful_to_state_dict.rng_state/shard_0.0_1.1', 'event': 'end', 'time': 1791215204008686000, 'log_exceptions': True, 'times_spent': 13000}
DEBUG    c10d-NullHandler-dcp_logger:logger.py:104 {'checkpoint_id': None, 'uuid': '119072322514669859140714856043068628671', 'func_name': '_stateful_to_state_dict', 'event': 'end', 'time': 1791215204008696000, 'log_exceptions': True, 'times_spent': 126000}
DEBUG    c10d-NullHandler-dcp_logger:logger.py:86 {'checkpoint_id': '/private/var/folders/12/3pb2615n5wddcr6spjcz8_pw0000gn/T/pytest-of-0z5a/pytest-317/test_rejects_unbound_model_and6/signals-0/run/checkpoints/actor/iter_0000002', 'uuid': '103032976364059417672665511485248651516', 'func_name': 'local_step', 'event': 'start', 'time': 1791215204008714000, 'log_exceptions': False}
DEBUG    c10d-NullHandler-dcp_logger:logger.py:104 {'checkpoint_id': '/private/var/folders/12/3pb2615n5wddcr6spjcz8_pw0000gn/T/pytest-of-0z5a/pytest-317/test_rejects_unbound_model_and6/signals-0/run/checkpoints/actor/iter_0000002', 'uuid': '103032976364059417672665511485248651516', 'func_name': 'local_step', 'event': 'end', 'time': 1791215204008826000, 'log_exceptions': False, 'times_spent': 112000}
DEBUG    c10d-NullHandler-dcp_logger:logger.py:86 {'checkpoint_id': '/private/var/folders/12/3pb2615n5wddcr6spjcz8_pw0000gn/T/pytest-of-0z5a/pytest-317/test_rejects_unbound_model_and6/signals-0/run/checkpoints/actor/iter_0000002', 'uuid': '282700542834850714049446246114530609060', 'func_name': 'global_step', 'event': 'start', 'time': 1791215204008847000, 'log_exceptions': False}
DEBUG    c10d-NullHandler-dcp_logger:logger.py:104 {'checkpoint_id': '/private/var/folders/12/3pb2615n5wddcr6spjcz8_pw0000gn/T/pytest-of-0z5a/pytest-317/test_rejects_unbound_model_and6/signals-0/run/checkpoints/actor/iter_0000002', 'uuid': '282700542834850714049446246114530609060', 'func_name': 'global_step', 'event': 'end', 'time': 1791215204008883000, 'log_exceptions': False, 'times_spent': 36000}
DEBUG    c10d-NullHandler-dcp_logger:logger.py:86 {'checkpoint_id': '/private/var/folders/12/3pb2615n5wddcr6spjcz8_pw0000gn/T/pytest-of-0z5a/pytest-317/test_rejects_unbound_model_and6/signals-0/run/checkpoints/actor/iter_0000002', 'uuid': '211623001051071434548697217464995713753', 'func_name': 'write_data', 'event': 'start', 'time': 1791215204008904000, 'log_exceptions': False}
DEBUG    c10d-NullHandler-dcp_logger:logger.py:104 {'checkpoint_id': '/private/var/folders/12/3pb2615n5wddcr6spjcz8_pw0000gn/T/pytest-of-0z5a/pytest-317/test_rejects_unbound_model_and6/signals-0/run/checkpoints/actor/iter_0000002', 'uuid': '211623001051071434548697217464995713753', 'func_name': 'write_data', 'event': 'end', 'time': 1791215204009441000, 'log_exceptions': False, 'times_spent': 536000}
DEBUG    c10d-NullHandler-dcp_logger:logger.py:86 {'checkpoint_id': '/private/var/folders/12/3pb2615n5wddcr6spjcz8_pw0000gn/T/pytest-of-0z5a/pytest-317/test_rejects_unbound_model_and6/signals-0/run/checkpoints/actor/iter_0000002', 'uuid': '226224529918856284375068223779465858874', 'func_name': 'finish_checkpoint', 'event': 'start', 'time': 1791215204009477000, 'log_exceptions': False}
DEBUG    c10d-NullHandler-dcp_logger:logger.py:104 {'checkpoint_id': '/private/var/folders/12/3pb2615n5wddcr6spjcz8_pw0000gn/T/pytest-of-0z5a/pytest-317/test_rejects_unbound_model_and6/signals-0/run/checkpoints/actor/iter_0000002', 'uuid': '226224529918856284375068223779465858874', 'func_name': 'finish_checkpoint', 'event': 'end', 'time': 1791215204009674000, 'log_exceptions': False, 'times_spent': 197000}
DEBUG    c10d-NullHandler-dcp_logger:logger.py:104 {'checkpoint_id': '/private/var/folders/12/3pb2615n5wddcr6spjcz8_pw0000gn/T/pytest-of-0z5a/pytest-317/test_rejects_unbound_model_and6/signals-0/run/checkpoints/actor/iter_0000002', 'uuid': '254036961675169000287375096366916045060', 'planner': 'DefaultSavePlanner', 'func_name': 'save', 'event': 'end', 'time': 1791215204009695000, 'log_exceptions': True, 'times_spent': 1161000}
_ ERROR at setup of test_rejects_unbound_model_and_publications[learning-missing_version] _
tests/test_native_qualification_chain.py:83: in chain
    replace_digest(run, step, digest)
tests/test_native_qualification_chain.py:32: in replace_digest
    sample["recurrent_inputs"].publication_digest = digest
    ^^^^^^^^^^^^^^^^^^^^^^^^^^^^^^^^^^^^^^^^^^^^^
<string>:4: in __setattr__
    ???
E   dataclasses.FrozenInstanceError: cannot assign to field 'publication_digest'
------------------------------ Captured log setup ------------------------------
DEBUG    c10d-NullHandler-dcp_logger:logger.py:86 {'checkpoint_id': '/private/var/folders/12/3pb2615n5wddcr6spjcz8_pw0000gn/T/pytest-of-0z5a/pytest-317/test_rejects_unbound_model_and7/signals-0/run/checkpoints/actor/iter_0000000', 'uuid': '198294110597361447049563045140268523040', 'planner': 'DefaultSavePlanner', 'func_name': 'save', 'event': 'start', 'time': 1791215204092146000, 'log_exceptions': True}
DEBUG    c10d-NullHandler-dcp_logger:logger.py:86 {'checkpoint_id': None, 'uuid': '122823787899492376322720836016476263206', 'func_name': '_stateful_to_state_dict', 'event': 'start', 'time': 1791215204092228000, 'log_exceptions': True}
DEBUG    c10d-NullHandler-dcp_logger:logger.py:86 {'checkpoint_id': None, 'uuid': '15304037907916668710104797883900272859', 'func_name': '_stateful_to_state_dict.model.weight', 'event': 'start', 'time': 1791215204092259000, 'log_exceptions': True}
DEBUG    c10d-NullHandler-dcp_logger:logger.py:104 {'checkpoint_id': None, 'uuid': '15304037907916668710104797883900272859', 'func_name': '_stateful_to_state_dict.model.weight', 'event': 'end', 'time': 1791215204092282000, 'log_exceptions': True, 'times_spent': 23000}
DEBUG    c10d-NullHandler-dcp_logger:logger.py:86 {'checkpoint_id': None, 'uuid': '330852930059321140138237737439734303149', 'func_name': '_stateful_to_state_dict.optimizer.state.exp_avg.model.weight', 'event': 'start', 'time': 1791215204092303000, 'log_exceptions': True}
DEBUG    c10d-NullHandler-dcp_logger:logger.py:104 {'checkpoint_id': None, 'uuid': '330852930059321140138237737439734303149', 'func_name': '_stateful_to_state_dict.optimizer.state.exp_avg.model.weight', 'event': 'end', 'time': 1791215204092319000, 'log_exceptions': True, 'times_spent': 16000}
DEBUG    c10d-NullHandler-dcp_logger:logger.py:86 {'checkpoint_id': None, 'uuid': '281933335317345801096235405828247936534', 'func_name': '_stateful_to_state_dict.optimizer.state.exp_avg_sq.model.weight', 'event': 'start', 'time': 1791215204092337000, 'log_exceptions': True}
DEBUG    c10d-NullHandler-dcp_logger:logger.py:104 {'checkpoint_id': None, 'uuid': '281933335317345801096235405828247936534', 'func_name': '_stateful_to_state_dict.optimizer.state.exp_avg_sq.model.weight', 'event': 'end', 'time': 1791215204092350000, 'log_exceptions': True, 'times_spent': 13000}
DEBUG    c10d-NullHandler-dcp_logger:logger.py:86 {'checkpoint_id': None, 'uuid': '221878063643641781103689830595592026490', 'func_name': '_stateful_to_state_dict.rng_state/shard_0.0_1.1', 'event': 'start', 'time': 1791215204092366000, 'log_exceptions': True}
DEBUG    c10d-NullHandler-dcp_logger:logger.py:104 {'checkpoint_id': None, 'uuid': '221878063643641781103689830595592026490', 'func_name': '_stateful_to_state_dict.rng_state/shard_0.0_1.1', 'event': 'end', 'time': 1791215204092380000, 'log_exceptions': True, 'times_spent': 14000}
DEBUG    c10d-NullHandler-dcp_logger:logger.py:104 {'checkpoint_id': None, 'uuid': '122823787899492376322720836016476263206', 'func_name': '_stateful_to_state_dict', 'event': 'end', 'time': 1791215204092391000, 'log_exceptions': True, 'times_spent': 163000}
DEBUG    c10d-NullHandler-dcp_logger:logger.py:86 {'checkpoint_id': '/private/var/folders/12/3pb2615n5wddcr6spjcz8_pw0000gn/T/pytest-of-0z5a/pytest-317/test_rejects_unbound_model_and7/signals-0/run/checkpoints/actor/iter_0000000', 'uuid': '218759877569201318765931313349419642113', 'func_name': 'local_step', 'event': 'start', 'time': 1791215204092413000, 'log_exceptions': False}
DEBUG    c10d-NullHandler-dcp_logger:logger.py:104 {'checkpoint_id': '/private/var/folders/12/3pb2615n5wddcr6spjcz8_pw0000gn/T/pytest-of-0z5a/pytest-317/test_rejects_unbound_model_and7/signals-0/run/checkpoints/actor/iter_0000000', 'uuid': '218759877569201318765931313349419642113', 'func_name': 'local_step', 'event': 'end', 'time': 1791215204092556000, 'log_exceptions': False, 'times_spent': 143000}
DEBUG    c10d-NullHandler-dcp_logger:logger.py:86 {'checkpoint_id': '/private/var/folders/12/3pb2615n5wddcr6spjcz8_pw0000gn/T/pytest-of-0z5a/pytest-317/test_rejects_unbound_model_and7/signals-0/run/checkpoints/actor/iter_0000000', 'uuid': '81019893748671437578621426771223116835', 'func_name': 'global_step', 'event': 'start', 'time': 1791215204092584000, 'log_exceptions': False}
DEBUG    c10d-NullHandler-dcp_logger:logger.py:104 {'checkpoint_id': '/private/var/folders/12/3pb2615n5wddcr6spjcz8_pw0000gn/T/pytest-of-0z5a/pytest-317/test_rejects_unbound_model_and7/signals-0/run/checkpoints/actor/iter_0000000', 'uuid': '81019893748671437578621426771223116835', 'func_name': 'global_step', 'event': 'end', 'time': 1791215204092632000, 'log_exceptions': False, 'times_spent': 48000}
DEBUG    c10d-NullHandler-dcp_logger:logger.py:86 {'checkpoint_id': '/private/var/folders/12/3pb2615n5wddcr6spjcz8_pw0000gn/T/pytest-of-0z5a/pytest-317/test_rejects_unbound_model_and7/signals-0/run/checkpoints/actor/iter_0000000', 'uuid': '183544834096066716034630923946852901545', 'func_name': 'write_data', 'event': 'start', 'time': 1791215204092657000, 'log_exceptions': False}
DEBUG    c10d-NullHandler-dcp_logger:logger.py:104 {'checkpoint_id': '/private/var/folders/12/3pb2615n5wddcr6spjcz8_pw0000gn/T/pytest-of-0z5a/pytest-317/test_rejects_unbound_model_and7/signals-0/run/checkpoints/actor/iter_0000000', 'uuid': '183544834096066716034630923946852901545', 'func_name': 'write_data', 'event': 'end', 'time': 1791215204093239000, 'log_exceptions': False, 'times_spent': 582000}
DEBUG    c10d-NullHandler-dcp_logger:logger.py:86 {'checkpoint_id': '/private/var/folders/12/3pb2615n5wddcr6spjcz8_pw0000gn/T/pytest-of-0z5a/pytest-317/test_rejects_unbound_model_and7/signals-0/run/checkpoints/actor/iter_0000000', 'uuid': '81334152811988598401831951651444048467', 'func_name': 'finish_checkpoint', 'event': 'start', 'time': 1791215204093267000, 'log_exceptions': False}
DEBUG    c10d-NullHandler-dcp_logger:logger.py:104 {'checkpoint_id': '/private/var/folders/12/3pb2615n5wddcr6spjcz8_pw0000gn/T/pytest-of-0z5a/pytest-317/test_rejects_unbound_model_and7/signals-0/run/checkpoints/actor/iter_0000000', 'uuid': '81334152811988598401831951651444048467', 'func_name': 'finish_checkpoint', 'event': 'end', 'time': 1791215204093477000, 'log_exceptions': False, 'times_spent': 210000}
DEBUG    c10d-NullHandler-dcp_logger:logger.py:104 {'checkpoint_id': '/private/var/folders/12/3pb2615n5wddcr6spjcz8_pw0000gn/T/pytest-of-0z5a/pytest-317/test_rejects_unbound_model_and7/signals-0/run/checkpoints/actor/iter_0000000', 'uuid': '198294110597361447049563045140268523040', 'planner': 'DefaultSavePlanner', 'func_name': 'save', 'event': 'end', 'time': 1791215204093498000, 'log_exceptions': True, 'times_spent': 1352000}
DEBUG    c10d-NullHandler-dcp_logger:logger.py:86 {'checkpoint_id': '/private/var/folders/12/3pb2615n5wddcr6spjcz8_pw0000gn/T/pytest-of-0z5a/pytest-317/test_rejects_unbound_model_and7/signals-0/run/checkpoints/actor/iter_0000001', 'uuid': '314417468265446600472315549360654773746', 'planner': 'DefaultSavePlanner', 'func_name': 'save', 'event': 'start', 'time': 1791215204093960000, 'log_exceptions': True}
DEBUG    c10d-NullHandler-dcp_logger:logger.py:86 {'checkpoint_id': None, 'uuid': '37593302574115670546858552271674670498', 'func_name': '_stateful_to_state_dict', 'event': 'start', 'time': 1791215204094008000, 'log_exceptions': True}
DEBUG    c10d-NullHandler-dcp_logger:logger.py:86 {'checkpoint_id': None, 'uuid': '100348364123592254402988713826164205004', 'func_name': '_stateful_to_state_dict.model.weight', 'event': 'start', 'time': 1791215204094034000, 'log_exceptions': True}
DEBUG    c10d-NullHandler-dcp_logger:logger.py:104 {'checkpoint_id': None, 'uuid': '100348364123592254402988713826164205004', 'func_name': '_stateful_to_state_dict.model.weight', 'event': 'end', 'time': 1791215204094052000, 'log_exceptions': True, 'times_spent': 18000}
DEBUG    c10d-NullHandler-dcp_logger:logger.py:86 {'checkpoint_id': None, 'uuid': '257564643278115097924812626358974234089', 'func_name': '_stateful_to_state_dict.optimizer.state.exp_avg.model.weight', 'event': 'start', 'time': 1791215204094072000, 'log_exceptions': True}
DEBUG    c10d-NullHandler-dcp_logger:logger.py:104 {'checkpoint_id': None, 'uuid': '257564643278115097924812626358974234089', 'func_name': '_stateful_to_state_dict.optimizer.state.exp_avg.model.weight', 'event': 'end', 'time': 1791215204094086000, 'log_exceptions': True, 'times_spent': 13000}
DEBUG    c10d-NullHandler-dcp_logger:logger.py:86 {'checkpoint_id': None, 'uuid': '208289734937451939231994412920405284343', 'func_name': '_stateful_to_state_dict.optimizer.state.exp_avg_sq.model.weight', 'event': 'start', 'time': 1791215204094104000, 'log_exceptions': True}
DEBUG    c10d-NullHandler-dcp_logger:logger.py:104 {'checkpoint_id': None, 'uuid': '208289734937451939231994412920405284343', 'func_name': '_stateful_to_state_dict.optimizer.state.exp_avg_sq.model.weight', 'event': 'end', 'time': 1791215204094116000, 'log_exceptions': True, 'times_spent': 12000}
DEBUG    c10d-NullHandler-dcp_logger:logger.py:86 {'checkpoint_id': None, 'uuid': '12710694260852588153895390511528781396', 'func_name': '_stateful_to_state_dict.rng_state/shard_0.0_1.1', 'event': 'start', 'time': 1791215204094132000, 'log_exceptions': True}
DEBUG    c10d-NullHandler-dcp_logger:logger.py:104 {'checkpoint_id': None, 'uuid': '12710694260852588153895390511528781396', 'func_name': '_stateful_to_state_dict.rng_state/shard_0.0_1.1', 'event': 'end', 'time': 1791215204094145000, 'log_exceptions': True, 'times_spent': 13000}
DEBUG    c10d-NullHandler-dcp_logger:logger.py:104 {'checkpoint_id': None, 'uuid': '37593302574115670546858552271674670498', 'func_name': '_stateful_to_state_dict', 'event': 'end', 'time': 1791215204094156000, 'log_exceptions': True, 'times_spent': 148000}
DEBUG    c10d-NullHandler-dcp_logger:logger.py:86 {'checkpoint_id': '/private/var/folders/12/3pb2615n5wddcr6spjcz8_pw0000gn/T/pytest-of-0z5a/pytest-317/test_rejects_unbound_model_and7/signals-0/run/checkpoints/actor/iter_0000001', 'uuid': '125586149973403483895227314700294864694', 'func_name': 'local_step', 'event': 'start', 'time': 1791215204094176000, 'log_exceptions': False}
DEBUG    c10d-NullHandler-dcp_logger:logger.py:104 {'checkpoint_id': '/private/var/folders/12/3pb2615n5wddcr6spjcz8_pw0000gn/T/pytest-of-0z5a/pytest-317/test_rejects_unbound_model_and7/signals-0/run/checkpoints/actor/iter_0000001', 'uuid': '125586149973403483895227314700294864694', 'func_name': 'local_step', 'event': 'end', 'time': 1791215204094307000, 'log_exceptions': False, 'times_spent': 131000}
DEBUG    c10d-NullHandler-dcp_logger:logger.py:86 {'checkpoint_id': '/private/var/folders/12/3pb2615n5wddcr6spjcz8_pw0000gn/T/pytest-of-0z5a/pytest-317/test_rejects_unbound_model_and7/signals-0/run/checkpoints/actor/iter_0000001', 'uuid': '227492056039698241078835818190647612365', 'func_name': 'global_step', 'event': 'start', 'time': 1791215204094334000, 'log_exceptions': False}
DEBUG    c10d-NullHandler-dcp_logger:logger.py:104 {'checkpoint_id': '/private/var/folders/12/3pb2615n5wddcr6spjcz8_pw0000gn/T/pytest-of-0z5a/pytest-317/test_rejects_unbound_model_and7/signals-0/run/checkpoints/actor/iter_0000001', 'uuid': '227492056039698241078835818190647612365', 'func_name': 'global_step', 'event': 'end', 'time': 1791215204094375000, 'log_exceptions': False, 'times_spent': 41000}
DEBUG    c10d-NullHandler-dcp_logger:logger.py:86 {'checkpoint_id': '/private/var/folders/12/3pb2615n5wddcr6spjcz8_pw0000gn/T/pytest-of-0z5a/pytest-317/test_rejects_unbound_model_and7/signals-0/run/checkpoints/actor/iter_0000001', 'uuid': '196007017313865660091805451765733362353', 'func_name': 'write_data', 'event': 'start', 'time': 1791215204094400000, 'log_exceptions': False}
DEBUG    c10d-NullHandler-dcp_logger:logger.py:104 {'checkpoint_id': '/private/var/folders/12/3pb2615n5wddcr6spjcz8_pw0000gn/T/pytest-of-0z5a/pytest-317/test_rejects_unbound_model_and7/signals-0/run/checkpoints/actor/iter_0000001', 'uuid': '196007017313865660091805451765733362353', 'func_name': 'write_data', 'event': 'end', 'time': 1791215204094893000, 'log_exceptions': False, 'times_spent': 493000}
DEBUG    c10d-NullHandler-dcp_logger:logger.py:86 {'checkpoint_id': '/private/var/folders/12/3pb2615n5wddcr6spjcz8_pw0000gn/T/pytest-of-0z5a/pytest-317/test_rejects_unbound_model_and7/signals-0/run/checkpoints/actor/iter_0000001', 'uuid': '248737064576005545354097919821554608423', 'func_name': 'finish_checkpoint', 'event': 'start', 'time': 1791215204094933000, 'log_exceptions': False}
DEBUG    c10d-NullHandler-dcp_logger:logger.py:104 {'checkpoint_id': '/private/var/folders/12/3pb2615n5wddcr6spjcz8_pw0000gn/T/pytest-of-0z5a/pytest-317/test_rejects_unbound_model_and7/signals-0/run/checkpoints/actor/iter_0000001', 'uuid': '248737064576005545354097919821554608423', 'func_name': 'finish_checkpoint', 'event': 'end', 'time': 1791215204095147000, 'log_exceptions': False, 'times_spent': 214000}
DEBUG    c10d-NullHandler-dcp_logger:logger.py:104 {'checkpoint_id': '/private/var/folders/12/3pb2615n5wddcr6spjcz8_pw0000gn/T/pytest-of-0z5a/pytest-317/test_rejects_unbound_model_and7/signals-0/run/checkpoints/actor/iter_0000001', 'uuid': '314417468265446600472315549360654773746', 'planner': 'DefaultSavePlanner', 'func_name': 'save', 'event': 'end', 'time': 1791215204095171000, 'log_exceptions': True, 'times_spent': 1211000}
DEBUG    c10d-NullHandler-dcp_logger:logger.py:86 {'checkpoint_id': '/private/var/folders/12/3pb2615n5wddcr6spjcz8_pw0000gn/T/pytest-of-0z5a/pytest-317/test_rejects_unbound_model_and7/signals-0/run/checkpoints/actor/iter_0000002', 'uuid': '142824735552228126947614255123440377220', 'planner': 'DefaultSavePlanner', 'func_name': 'save', 'event': 'start', 'time': 1791215204095560000, 'log_exceptions': True}
DEBUG    c10d-NullHandler-dcp_logger:logger.py:86 {'checkpoint_id': None, 'uuid': '158055649902091889191302669556315249363', 'func_name': '_stateful_to_state_dict', 'event': 'start', 'time': 1791215204095609000, 'log_exceptions': True}
DEBUG    c10d-NullHandler-dcp_logger:logger.py:86 {'checkpoint_id': None, 'uuid': '105883989157209029594175426770129423083', 'func_name': '_stateful_to_state_dict.model.weight', 'event': 'start', 'time': 1791215204095636000, 'log_exceptions': True}
DEBUG    c10d-NullHandler-dcp_logger:logger.py:104 {'checkpoint_id': None, 'uuid': '105883989157209029594175426770129423083', 'func_name': '_stateful_to_state_dict.model.weight', 'event': 'end', 'time': 1791215204095652000, 'log_exceptions': True, 'times_spent': 16000}
DEBUG    c10d-NullHandler-dcp_logger:logger.py:86 {'checkpoint_id': None, 'uuid': '197051605422136403237749039621214458335', 'func_name': '_stateful_to_state_dict.optimizer.state.exp_avg.model.weight', 'event': 'start', 'time': 1791215204095670000, 'log_exceptions': True}
DEBUG    c10d-NullHandler-dcp_logger:logger.py:104 {'checkpoint_id': None, 'uuid': '197051605422136403237749039621214458335', 'func_name': '_stateful_to_state_dict.optimizer.state.exp_avg.model.weight', 'event': 'end', 'time': 1791215204095683000, 'log_exceptions': True, 'times_spent': 13000}
DEBUG    c10d-NullHandler-dcp_logger:logger.py:86 {'checkpoint_id': None, 'uuid': '283953313638635260151368297861187228169', 'func_name': '_stateful_to_state_dict.optimizer.state.exp_avg_sq.model.weight', 'event': 'start', 'time': 1791215204095698000, 'log_exceptions': True}
DEBUG    c10d-NullHandler-dcp_logger:logger.py:104 {'checkpoint_id': None, 'uuid': '283953313638635260151368297861187228169', 'func_name': '_stateful_to_state_dict.optimizer.state.exp_avg_sq.model.weight', 'event': 'end', 'time': 1791215204095710000, 'log_exceptions': True, 'times_spent': 12000}
DEBUG    c10d-NullHandler-dcp_logger:logger.py:86 {'checkpoint_id': None, 'uuid': '186619286716625361732545404591986924778', 'func_name': '_stateful_to_state_dict.rng_state/shard_0.0_1.1', 'event': 'start', 'time': 1791215204095724000, 'log_exceptions': True}
DEBUG    c10d-NullHandler-dcp_logger:logger.py:104 {'checkpoint_id': None, 'uuid': '186619286716625361732545404591986924778', 'func_name': '_stateful_to_state_dict.rng_state/shard_0.0_1.1', 'event': 'end', 'time': 1791215204095737000, 'log_exceptions': True, 'times_spent': 13000}
DEBUG    c10d-NullHandler-dcp_logger:logger.py:104 {'checkpoint_id': None, 'uuid': '158055649902091889191302669556315249363', 'func_name': '_stateful_to_state_dict', 'event': 'end', 'time': 1791215204095748000, 'log_exceptions': True, 'times_spent': 138000}
DEBUG    c10d-NullHandler-dcp_logger:logger.py:86 {'checkpoint_id': '/private/var/folders/12/3pb2615n5wddcr6spjcz8_pw0000gn/T/pytest-of-0z5a/pytest-317/test_rejects_unbound_model_and7/signals-0/run/checkpoints/actor/iter_0000002', 'uuid': '249385205704584823655391389889983665756', 'func_name': 'local_step', 'event': 'start', 'time': 1791215204095767000, 'log_exceptions': False}
DEBUG    c10d-NullHandler-dcp_logger:logger.py:104 {'checkpoint_id': '/private/var/folders/12/3pb2615n5wddcr6spjcz8_pw0000gn/T/pytest-of-0z5a/pytest-317/test_rejects_unbound_model_and7/signals-0/run/checkpoints/actor/iter_0000002', 'uuid': '249385205704584823655391389889983665756', 'func_name': 'local_step', 'event': 'end', 'time': 1791215204095889000, 'log_exceptions': False, 'times_spent': 122000}
DEBUG    c10d-NullHandler-dcp_logger:logger.py:86 {'checkpoint_id': '/private/var/folders/12/3pb2615n5wddcr6spjcz8_pw0000gn/T/pytest-of-0z5a/pytest-317/test_rejects_unbound_model_and7/signals-0/run/checkpoints/actor/iter_0000002', 'uuid': '181412257554762778713391817074300037795', 'func_name': 'global_step', 'event': 'start', 'time': 1791215204095910000, 'log_exceptions': False}
DEBUG    c10d-NullHandler-dcp_logger:logger.py:104 {'checkpoint_id': '/private/var/folders/12/3pb2615n5wddcr6spjcz8_pw0000gn/T/pytest-of-0z5a/pytest-317/test_rejects_unbound_model_and7/signals-0/run/checkpoints/actor/iter_0000002', 'uuid': '181412257554762778713391817074300037795', 'func_name': 'global_step', 'event': 'end', 'time': 1791215204095946000, 'log_exceptions': False, 'times_spent': 36000}
DEBUG    c10d-NullHandler-dcp_logger:logger.py:86 {'checkpoint_id': '/private/var/folders/12/3pb2615n5wddcr6spjcz8_pw0000gn/T/pytest-of-0z5a/pytest-317/test_rejects_unbound_model_and7/signals-0/run/checkpoints/actor/iter_0000002', 'uuid': '70200166298236004294078681776123918187', 'func_name': 'write_data', 'event': 'start', 'time': 1791215204095967000, 'log_exceptions': False}
DEBUG    c10d-NullHandler-dcp_logger:logger.py:104 {'checkpoint_id': '/private/var/folders/12/3pb2615n5wddcr6spjcz8_pw0000gn/T/pytest-of-0z5a/pytest-317/test_rejects_unbound_model_and7/signals-0/run/checkpoints/actor/iter_0000002', 'uuid': '70200166298236004294078681776123918187', 'func_name': 'write_data', 'event': 'end', 'time': 1791215204096676000, 'log_exceptions': False, 'times_spent': 709000}
DEBUG    c10d-NullHandler-dcp_logger:logger.py:86 {'checkpoint_id': '/private/var/folders/12/3pb2615n5wddcr6spjcz8_pw0000gn/T/pytest-of-0z5a/pytest-317/test_rejects_unbound_model_and7/signals-0/run/checkpoints/actor/iter_0000002', 'uuid': '18450598843069357830515791351301265014', 'func_name': 'finish_checkpoint', 'event': 'start', 'time': 1791215204096718000, 'log_exceptions': False}
DEBUG    c10d-NullHandler-dcp_logger:logger.py:104 {'checkpoint_id': '/private/var/folders/12/3pb2615n5wddcr6spjcz8_pw0000gn/T/pytest-of-0z5a/pytest-317/test_rejects_unbound_model_and7/signals-0/run/checkpoints/actor/iter_0000002', 'uuid': '18450598843069357830515791351301265014', 'func_name': 'finish_checkpoint', 'event': 'end', 'time': 1791215204097004000, 'log_exceptions': False, 'times_spent': 286000}
DEBUG    c10d-NullHandler-dcp_logger:logger.py:104 {'checkpoint_id': '/private/var/folders/12/3pb2615n5wddcr6spjcz8_pw0000gn/T/pytest-of-0z5a/pytest-317/test_rejects_unbound_model_and7/signals-0/run/checkpoints/actor/iter_0000002', 'uuid': '142824735552228126947614255123440377220', 'planner': 'DefaultSavePlanner', 'func_name': 'save', 'event': 'end', 'time': 1791215204097029000, 'log_exceptions': True, 'times_spent': 1469000}
_ ERROR at setup of test_no_shared_useful_update_retains_failed_report[decay] __
tests/test_native_qualification_chain.py:83: in chain
    replace_digest(run, step, digest)
tests/test_native_qualification_chain.py:32: in replace_digest
    sample["recurrent_inputs"].publication_digest = digest
    ^^^^^^^^^^^^^^^^^^^^^^^^^^^^^^^^^^^^^^^^^^^^^
<string>:4: in __setattr__
    ???
E   dataclasses.FrozenInstanceError: cannot assign to field 'publication_digest'
------------------------------ Captured log setup ------------------------------
DEBUG    c10d-NullHandler-dcp_logger:logger.py:86 {'checkpoint_id': '/private/var/folders/12/3pb2615n5wddcr6spjcz8_pw0000gn/T/pytest-of-0z5a/pytest-317/test_no_shared_useful_update_r0/signals-0/run/checkpoints/actor/iter_0000000', 'uuid': '222125666876542612127084774290347483346', 'planner': 'DefaultSavePlanner', 'func_name': 'save', 'event': 'start', 'time': 1791215204215157000, 'log_exceptions': True}
DEBUG    c10d-NullHandler-dcp_logger:logger.py:86 {'checkpoint_id': None, 'uuid': '44904076291729029360535914656717547595', 'func_name': '_stateful_to_state_dict', 'event': 'start', 'time': 1791215204215261000, 'log_exceptions': True}
DEBUG    c10d-NullHandler-dcp_logger:logger.py:86 {'checkpoint_id': None, 'uuid': '28884949606184799822117901508776455350', 'func_name': '_stateful_to_state_dict.model.weight', 'event': 'start', 'time': 1791215204215294000, 'log_exceptions': True}
DEBUG    c10d-NullHandler-dcp_logger:logger.py:104 {'checkpoint_id': None, 'uuid': '28884949606184799822117901508776455350', 'func_name': '_stateful_to_state_dict.model.weight', 'event': 'end', 'time': 1791215204215320000, 'log_exceptions': True, 'times_spent': 26000}
DEBUG    c10d-NullHandler-dcp_logger:logger.py:86 {'checkpoint_id': None, 'uuid': '300443685760335046558452706568368247234', 'func_name': '_stateful_to_state_dict.optimizer.state.exp_avg.model.weight', 'event': 'start', 'time': 1791215204215341000, 'log_exceptions': True}
DEBUG    c10d-NullHandler-dcp_logger:logger.py:104 {'checkpoint_id': None, 'uuid': '300443685760335046558452706568368247234', 'func_name': '_stateful_to_state_dict.optimizer.state.exp_avg.model.weight', 'event': 'end', 'time': 1791215204215409000, 'log_exceptions': True, 'times_spent': 68000}
DEBUG    c10d-NullHandler-dcp_logger:logger.py:86 {'checkpoint_id': None, 'uuid': '177775520445268242071064235634996146159', 'func_name': '_stateful_to_state_dict.optimizer.state.exp_avg_sq.model.weight', 'event': 'start', 'time': 1791215204215438000, 'log_exceptions': True}
DEBUG    c10d-NullHandler-dcp_logger:logger.py:104 {'checkpoint_id': None, 'uuid': '177775520445268242071064235634996146159', 'func_name': '_stateful_to_state_dict.optimizer.state.exp_avg_sq.model.weight', 'event': 'end', 'time': 1791215204215451000, 'log_exceptions': True, 'times_spent': 13000}
DEBUG    c10d-NullHandler-dcp_logger:logger.py:86 {'checkpoint_id': None, 'uuid': '138903439325965297718627185023269548133', 'func_name': '_stateful_to_state_dict.rng_state/shard_0.0_1.1', 'event': 'start', 'time': 1791215204215498000, 'log_exceptions': True}
DEBUG    c10d-NullHandler-dcp_logger:logger.py:104 {'checkpoint_id': None, 'uuid': '138903439325965297718627185023269548133', 'func_name': '_stateful_to_state_dict.rng_state/shard_0.0_1.1', 'event': 'end', 'time': 1791215204215531000, 'log_exceptions': True, 'times_spent': 33000}
DEBUG    c10d-NullHandler-dcp_logger:logger.py:104 {'checkpoint_id': None, 'uuid': '44904076291729029360535914656717547595', 'func_name': '_stateful_to_state_dict', 'event': 'end', 'time': 1791215204215546000, 'log_exceptions': True, 'times_spent': 285000}
DEBUG    c10d-NullHandler-dcp_logger:logger.py:86 {'checkpoint_id': '/private/var/folders/12/3pb2615n5wddcr6spjcz8_pw0000gn/T/pytest-of-0z5a/pytest-317/test_no_shared_useful_update_r0/signals-0/run/checkpoints/actor/iter_0000000', 'uuid': '66879367827526111015580525579564511951', 'func_name': 'local_step', 'event': 'start', 'time': 1791215204215601000, 'log_exceptions': False}
DEBUG    c10d-NullHandler-dcp_logger:logger.py:104 {'checkpoint_id': '/private/var/folders/12/3pb2615n5wddcr6spjcz8_pw0000gn/T/pytest-of-0z5a/pytest-317/test_no_shared_useful_update_r0/signals-0/run/checkpoints/actor/iter_0000000', 'uuid': '66879367827526111015580525579564511951', 'func_name': 'local_step', 'event': 'end', 'time': 1791215204215826000, 'log_exceptions': False, 'times_spent': 225000}
DEBUG    c10d-NullHandler-dcp_logger:logger.py:86 {'checkpoint_id': '/private/var/folders/12/3pb2615n5wddcr6spjcz8_pw0000gn/T/pytest-of-0z5a/pytest-317/test_no_shared_useful_update_r0/signals-0/run/checkpoints/actor/iter_0000000', 'uuid': '87371989363546843870716064595119240151', 'func_name': 'global_step', 'event': 'start', 'time': 1791215204215856000, 'log_exceptions': False}
DEBUG    c10d-NullHandler-dcp_logger:logger.py:104 {'checkpoint_id': '/private/var/folders/12/3pb2615n5wddcr6spjcz8_pw0000gn/T/pytest-of-0z5a/pytest-317/test_no_shared_useful_update_r0/signals-0/run/checkpoints/actor/iter_0000000', 'uuid': '87371989363546843870716064595119240151', 'func_name': 'global_step', 'event': 'end', 'time': 1791215204215917000, 'log_exceptions': False, 'times_spent': 61000}
DEBUG    c10d-NullHandler-dcp_logger:logger.py:86 {'checkpoint_id': '/private/var/folders/12/3pb2615n5wddcr6spjcz8_pw0000gn/T/pytest-of-0z5a/pytest-317/test_no_shared_useful_update_r0/signals-0/run/checkpoints/actor/iter_0000000', 'uuid': '74575362293414161071489016908392737613', 'func_name': 'write_data', 'event': 'start', 'time': 1791215204215953000, 'log_exceptions': False}
DEBUG    c10d-NullHandler-dcp_logger:logger.py:104 {'checkpoint_id': '/private/var/folders/12/3pb2615n5wddcr6spjcz8_pw0000gn/T/pytest-of-0z5a/pytest-317/test_no_shared_useful_update_r0/signals-0/run/checkpoints/actor/iter_0000000', 'uuid': '74575362293414161071489016908392737613', 'func_name': 'write_data', 'event': 'end', 'time': 1791215204216765000, 'log_exceptions': False, 'times_spent': 812000}
DEBUG    c10d-NullHandler-dcp_logger:logger.py:86 {'checkpoint_id': '/private/var/folders/12/3pb2615n5wddcr6spjcz8_pw0000gn/T/pytest-of-0z5a/pytest-317/test_no_shared_useful_update_r0/signals-0/run/checkpoints/actor/iter_0000000', 'uuid': '283316203260199964721866227536898710642', 'func_name': 'finish_checkpoint', 'event': 'start', 'time': 1791215204216808000, 'log_exceptions': False}
DEBUG    c10d-NullHandler-dcp_logger:logger.py:104 {'checkpoint_id': '/private/var/folders/12/3pb2615n5wddcr6spjcz8_pw0000gn/T/pytest-of-0z5a/pytest-317/test_no_shared_useful_update_r0/signals-0/run/checkpoints/actor/iter_0000000', 'uuid': '283316203260199964721866227536898710642', 'func_name': 'finish_checkpoint', 'event': 'end', 'time': 1791215204217065000, 'log_exceptions': False, 'times_spent': 257000}
DEBUG    c10d-NullHandler-dcp_logger:logger.py:104 {'checkpoint_id': '/private/var/folders/12/3pb2615n5wddcr6spjcz8_pw0000gn/T/pytest-of-0z5a/pytest-317/test_no_shared_useful_update_r0/signals-0/run/checkpoints/actor/iter_0000000', 'uuid': '222125666876542612127084774290347483346', 'planner': 'DefaultSavePlanner', 'func_name': 'save', 'event': 'end', 'time': 1791215204217094000, 'log_exceptions': True, 'times_spent': 1937000}
DEBUG    c10d-NullHandler-dcp_logger:logger.py:86 {'checkpoint_id': '/private/var/folders/12/3pb2615n5wddcr6spjcz8_pw0000gn/T/pytest-of-0z5a/pytest-317/test_no_shared_useful_update_r0/signals-0/run/checkpoints/actor/iter_0000001', 'uuid': '78240224868478002957500821376497162998', 'planner': 'DefaultSavePlanner', 'func_name': 'save', 'event': 'start', 'time': 1791215204217757000, 'log_exceptions': True}
DEBUG    c10d-NullHandler-dcp_logger:logger.py:86 {'checkpoint_id': None, 'uuid': '190328509790366472289686219986581743315', 'func_name': '_stateful_to_state_dict', 'event': 'start', 'time': 1791215204217798000, 'log_exceptions': True}
DEBUG    c10d-NullHandler-dcp_logger:logger.py:86 {'checkpoint_id': None, 'uuid': '136577847054935546356594818268292659488', 'func_name': '_stateful_to_state_dict.model.weight', 'event': 'start', 'time': 1791215204217822000, 'log_exceptions': True}
DEBUG    c10d-NullHandler-dcp_logger:logger.py:104 {'checkpoint_id': None, 'uuid': '136577847054935546356594818268292659488', 'func_name': '_stateful_to_state_dict.model.weight', 'event': 'end', 'time': 1791215204217840000, 'log_exceptions': True, 'times_spent': 18000}
DEBUG    c10d-NullHandler-dcp_logger:logger.py:86 {'checkpoint_id': None, 'uuid': '6562750285271346355431939325477174888', 'func_name': '_stateful_to_state_dict.optimizer.state.exp_avg.model.weight', 'event': 'start', 'time': 1791215204217858000, 'log_exceptions': True}
DEBUG    c10d-NullHandler-dcp_logger:logger.py:104 {'checkpoint_id': None, 'uuid': '6562750285271346355431939325477174888', 'func_name': '_stateful_to_state_dict.optimizer.state.exp_avg.model.weight', 'event': 'end', 'time': 1791215204217871000, 'log_exceptions': True, 'times_spent': 13000}
DEBUG    c10d-NullHandler-dcp_logger:logger.py:86 {'checkpoint_id': None, 'uuid': '305305338791450068967119105085203085609', 'func_name': '_stateful_to_state_dict.optimizer.state.exp_avg_sq.model.weight', 'event': 'start', 'time': 1791215204217889000, 'log_exceptions': True}
DEBUG    c10d-NullHandler-dcp_logger:logger.py:104 {'checkpoint_id': None, 'uuid': '305305338791450068967119105085203085609', 'func_name': '_stateful_to_state_dict.optimizer.state.exp_avg_sq.model.weight', 'event': 'end', 'time': 1791215204217901000, 'log_exceptions': True, 'times_spent': 12000}
DEBUG    c10d-NullHandler-dcp_logger:logger.py:86 {'checkpoint_id': None, 'uuid': '171591593852027336799395280324328633272', 'func_name': '_stateful_to_state_dict.rng_state/shard_0.0_1.1', 'event': 'start', 'time': 1791215204217916000, 'log_exceptions': True}
DEBUG    c10d-NullHandler-dcp_logger:logger.py:104 {'checkpoint_id': None, 'uuid': '171591593852027336799395280324328633272', 'func_name': '_stateful_to_state_dict.rng_state/shard_0.0_1.1', 'event': 'end', 'time': 1791215204217929000, 'log_exceptions': True, 'times_spent': 13000}
DEBUG    c10d-NullHandler-dcp_logger:logger.py:104 {'checkpoint_id': None, 'uuid': '190328509790366472289686219986581743315', 'func_name': '_stateful_to_state_dict', 'event': 'end', 'time': 1791215204217939000, 'log_exceptions': True, 'times_spent': 141000}
DEBUG    c10d-NullHandler-dcp_logger:logger.py:86 {'checkpoint_id': '/private/var/folders/12/3pb2615n5wddcr6spjcz8_pw0000gn/T/pytest-of-0z5a/pytest-317/test_no_shared_useful_update_r0/signals-0/run/checkpoints/actor/iter_0000001', 'uuid': '155212945401916924700544330991006603460', 'func_name': 'local_step', 'event': 'start', 'time': 1791215204217959000, 'log_exceptions': False}
DEBUG    c10d-NullHandler-dcp_logger:logger.py:104 {'checkpoint_id': '/private/var/folders/12/3pb2615n5wddcr6spjcz8_pw0000gn/T/pytest-of-0z5a/pytest-317/test_no_shared_useful_update_r0/signals-0/run/checkpoints/actor/iter_0000001', 'uuid': '155212945401916924700544330991006603460', 'func_name': 'local_step', 'event': 'end', 'time': 1791215204218119000, 'log_exceptions': False, 'times_spent': 160000}
DEBUG    c10d-NullHandler-dcp_logger:logger.py:86 {'checkpoint_id': '/private/var/folders/12/3pb2615n5wddcr6spjcz8_pw0000gn/T/pytest-of-0z5a/pytest-317/test_no_shared_useful_update_r0/signals-0/run/checkpoints/actor/iter_0000001', 'uuid': '16127235352006159879196648298532147578', 'func_name': 'global_step', 'event': 'start', 'time': 1791215204218150000, 'log_exceptions': False}
DEBUG    c10d-NullHandler-dcp_logger:logger.py:104 {'checkpoint_id': '/private/var/folders/12/3pb2615n5wddcr6spjcz8_pw0000gn/T/pytest-of-0z5a/pytest-317/test_no_shared_useful_update_r0/signals-0/run/checkpoints/actor/iter_0000001', 'uuid': '16127235352006159879196648298532147578', 'func_name': 'global_step', 'event': 'end', 'time': 1791215204218192000, 'log_exceptions': False, 'times_spent': 42000}
DEBUG    c10d-NullHandler-dcp_logger:logger.py:86 {'checkpoint_id': '/private/var/folders/12/3pb2615n5wddcr6spjcz8_pw0000gn/T/pytest-of-0z5a/pytest-317/test_no_shared_useful_update_r0/signals-0/run/checkpoints/actor/iter_0000001', 'uuid': '134464019562026402377314608304384003070', 'func_name': 'write_data', 'event': 'start', 'time': 1791215204218220000, 'log_exceptions': False}
DEBUG    c10d-NullHandler-dcp_logger:logger.py:104 {'checkpoint_id': '/private/var/folders/12/3pb2615n5wddcr6spjcz8_pw0000gn/T/pytest-of-0z5a/pytest-317/test_no_shared_useful_update_r0/signals-0/run/checkpoints/actor/iter_0000001', 'uuid': '134464019562026402377314608304384003070', 'func_name': 'write_data', 'event': 'end', 'time': 1791215204218831000, 'log_exceptions': False, 'times_spent': 611000}
DEBUG    c10d-NullHandler-dcp_logger:logger.py:86 {'checkpoint_id': '/private/var/folders/12/3pb2615n5wddcr6spjcz8_pw0000gn/T/pytest-of-0z5a/pytest-317/test_no_shared_useful_update_r0/signals-0/run/checkpoints/actor/iter_0000001', 'uuid': '196204848006569992919777837232917473725', 'func_name': 'finish_checkpoint', 'event': 'start', 'time': 1791215204218858000, 'log_exceptions': False}
DEBUG    c10d-NullHandler-dcp_logger:logger.py:104 {'checkpoint_id': '/private/var/folders/12/3pb2615n5wddcr6spjcz8_pw0000gn/T/pytest-of-0z5a/pytest-317/test_no_shared_useful_update_r0/signals-0/run/checkpoints/actor/iter_0000001', 'uuid': '196204848006569992919777837232917473725', 'func_name': 'finish_checkpoint', 'event': 'end', 'time': 1791215204219090000, 'log_exceptions': False, 'times_spent': 232000}
DEBUG    c10d-NullHandler-dcp_logger:logger.py:104 {'checkpoint_id': '/private/var/folders/12/3pb2615n5wddcr6spjcz8_pw0000gn/T/pytest-of-0z5a/pytest-317/test_no_shared_useful_update_r0/signals-0/run/checkpoints/actor/iter_0000001', 'uuid': '78240224868478002957500821376497162998', 'planner': 'DefaultSavePlanner', 'func_name': 'save', 'event': 'end', 'time': 1791215204219115000, 'log_exceptions': True, 'times_spent': 1358000}
DEBUG    c10d-NullHandler-dcp_logger:logger.py:86 {'checkpoint_id': '/private/var/folders/12/3pb2615n5wddcr6spjcz8_pw0000gn/T/pytest-of-0z5a/pytest-317/test_no_shared_useful_update_r0/signals-0/run/checkpoints/actor/iter_0000002', 'uuid': '80234577321476570960984384146694774621', 'planner': 'DefaultSavePlanner', 'func_name': 'save', 'event': 'start', 'time': 1791215204219588000, 'log_exceptions': True}
DEBUG    c10d-NullHandler-dcp_logger:logger.py:86 {'checkpoint_id': None, 'uuid': '268298041266838904859450368388100132030', 'func_name': '_stateful_to_state_dict', 'event': 'start', 'time': 1791215204219639000, 'log_exceptions': True}
DEBUG    c10d-NullHandler-dcp_logger:logger.py:86 {'checkpoint_id': None, 'uuid': '18057540060064842320537702046508724014', 'func_name': '_stateful_to_state_dict.model.weight', 'event': 'start', 'time': 1791215204219670000, 'log_exceptions': True}
DEBUG    c10d-NullHandler-dcp_logger:logger.py:104 {'checkpoint_id': None, 'uuid': '18057540060064842320537702046508724014', 'func_name': '_stateful_to_state_dict.model.weight', 'event': 'end', 'time': 1791215204219690000, 'log_exceptions': True, 'times_spent': 20000}
DEBUG    c10d-NullHandler-dcp_logger:logger.py:86 {'checkpoint_id': None, 'uuid': '35008783763400706473691179782919118221', 'func_name': '_stateful_to_state_dict.optimizer.state.exp_avg.model.weight', 'event': 'start', 'time': 1791215204219709000, 'log_exceptions': True}
DEBUG    c10d-NullHandler-dcp_logger:logger.py:104 {'checkpoint_id': None, 'uuid': '35008783763400706473691179782919118221', 'func_name': '_stateful_to_state_dict.optimizer.state.exp_avg.model.weight', 'event': 'end', 'time': 1791215204219723000, 'log_exceptions': True, 'times_spent': 14000}
DEBUG    c10d-NullHandler-dcp_logger:logger.py:86 {'checkpoint_id': None, 'uuid': '66634210836318205655389524173501769827', 'func_name': '_stateful_to_state_dict.optimizer.state.exp_avg_sq.model.weight', 'event': 'start', 'time': 1791215204219740000, 'log_exceptions': True}
DEBUG    c10d-NullHandler-dcp_logger:logger.py:104 {'checkpoint_id': None, 'uuid': '66634210836318205655389524173501769827', 'func_name': '_stateful_to_state_dict.optimizer.state.exp_avg_sq.model.weight', 'event': 'end', 'time': 1791215204219752000, 'log_exceptions': True, 'times_spent': 12000}
DEBUG    c10d-NullHandler-dcp_logger:logger.py:86 {'checkpoint_id': None, 'uuid': '288659474843425842020464052204161537802', 'func_name': '_stateful_to_state_dict.rng_state/shard_0.0_1.1', 'event': 'start', 'time': 1791215204219767000, 'log_exceptions': True}
DEBUG    c10d-NullHandler-dcp_logger:logger.py:104 {'checkpoint_id': None, 'uuid': '288659474843425842020464052204161537802', 'func_name': '_stateful_to_state_dict.rng_state/shard_0.0_1.1', 'event': 'end', 'time': 1791215204219780000, 'log_exceptions': True, 'times_spent': 13000}
DEBUG    c10d-NullHandler-dcp_logger:logger.py:104 {'checkpoint_id': None, 'uuid': '268298041266838904859450368388100132030', 'func_name': '_stateful_to_state_dict', 'event': 'end', 'time': 1791215204219790000, 'log_exceptions': True, 'times_spent': 151000}
DEBUG    c10d-NullHandler-dcp_logger:logger.py:86 {'checkpoint_id': '/private/var/folders/12/3pb2615n5wddcr6spjcz8_pw0000gn/T/pytest-of-0z5a/pytest-317/test_no_shared_useful_update_r0/signals-0/run/checkpoints/actor/iter_0000002', 'uuid': '54692812800310956348260794148456617168', 'func_name': 'local_step', 'event': 'start', 'time': 1791215204219810000, 'log_exceptions': False}
DEBUG    c10d-NullHandler-dcp_logger:logger.py:104 {'checkpoint_id': '/private/var/folders/12/3pb2615n5wddcr6spjcz8_pw0000gn/T/pytest-of-0z5a/pytest-317/test_no_shared_useful_update_r0/signals-0/run/checkpoints/actor/iter_0000002', 'uuid': '54692812800310956348260794148456617168', 'func_name': 'local_step', 'event': 'end', 'time': 1791215204219935000, 'log_exceptions': False, 'times_spent': 125000}
DEBUG    c10d-NullHandler-dcp_logger:logger.py:86 {'checkpoint_id': '/private/var/folders/12/3pb2615n5wddcr6spjcz8_pw0000gn/T/pytest-of-0z5a/pytest-317/test_no_shared_useful_update_r0/signals-0/run/checkpoints/actor/iter_0000002', 'uuid': '231691941488754588086168609129706066824', 'func_name': 'global_step', 'event': 'start', 'time': 1791215204219957000, 'log_exceptions': False}
DEBUG    c10d-NullHandler-dcp_logger:logger.py:104 {'checkpoint_id': '/private/var/folders/12/3pb2615n5wddcr6spjcz8_pw0000gn/T/pytest-of-0z5a/pytest-317/test_no_shared_useful_update_r0/signals-0/run/checkpoints/actor/iter_0000002', 'uuid': '231691941488754588086168609129706066824', 'func_name': 'global_step', 'event': 'end', 'time': 1791215204219995000, 'log_exceptions': False, 'times_spent': 38000}
DEBUG    c10d-NullHandler-dcp_logger:logger.py:86 {'checkpoint_id': '/private/var/folders/12/3pb2615n5wddcr6spjcz8_pw0000gn/T/pytest-of-0z5a/pytest-317/test_no_shared_useful_update_r0/signals-0/run/checkpoints/actor/iter_0000002', 'uuid': '115081330825954016188438590195180705900', 'func_name': 'write_data', 'event': 'start', 'time': 1791215204220017000, 'log_exceptions': False}
DEBUG    c10d-NullHandler-dcp_logger:logger.py:104 {'checkpoint_id': '/private/var/folders/12/3pb2615n5wddcr6spjcz8_pw0000gn/T/pytest-of-0z5a/pytest-317/test_no_shared_useful_update_r0/signals-0/run/checkpoints/actor/iter_0000002', 'uuid': '115081330825954016188438590195180705900', 'func_name': 'write_data', 'event': 'end', 'time': 1791215204220857000, 'log_exceptions': False, 'times_spent': 840000}
DEBUG    c10d-NullHandler-dcp_logger:logger.py:86 {'checkpoint_id': '/private/var/folders/12/3pb2615n5wddcr6spjcz8_pw0000gn/T/pytest-of-0z5a/pytest-317/test_no_shared_useful_update_r0/signals-0/run/checkpoints/actor/iter_0000002', 'uuid': '339980772324202492718552120785902276103', 'func_name': 'finish_checkpoint', 'event': 'start', 'time': 1791215204220884000, 'log_exceptions': False}
DEBUG    c10d-NullHandler-dcp_logger:logger.py:104 {'checkpoint_id': '/private/var/folders/12/3pb2615n5wddcr6spjcz8_pw0000gn/T/pytest-of-0z5a/pytest-317/test_no_shared_useful_update_r0/signals-0/run/checkpoints/actor/iter_0000002', 'uuid': '339980772324202492718552120785902276103', 'func_name': 'finish_checkpoint', 'event': 'end', 'time': 1791215204221113000, 'log_exceptions': False, 'times_spent': 229000}
DEBUG    c10d-NullHandler-dcp_logger:logger.py:104 {'checkpoint_id': '/private/var/folders/12/3pb2615n5wddcr6spjcz8_pw0000gn/T/pytest-of-0z5a/pytest-317/test_no_shared_useful_update_r0/signals-0/run/checkpoints/actor/iter_0000002', 'uuid': '80234577321476570960984384146694774621', 'planner': 'DefaultSavePlanner', 'func_name': 'save', 'event': 'end', 'time': 1791215204221137000, 'log_exceptions': True, 'times_spent': 1549000}
_ ERROR at setup of test_no_shared_useful_update_retains_failed_report[momentum] _
tests/test_native_qualification_chain.py:83: in chain
    replace_digest(run, step, digest)
tests/test_native_qualification_chain.py:32: in replace_digest
    sample["recurrent_inputs"].publication_digest = digest
    ^^^^^^^^^^^^^^^^^^^^^^^^^^^^^^^^^^^^^^^^^^^^^
<string>:4: in __setattr__
    ???
E   dataclasses.FrozenInstanceError: cannot assign to field 'publication_digest'
------------------------------ Captured log setup ------------------------------
DEBUG    c10d-NullHandler-dcp_logger:logger.py:86 {'checkpoint_id': '/private/var/folders/12/3pb2615n5wddcr6spjcz8_pw0000gn/T/pytest-of-0z5a/pytest-317/test_no_shared_useful_update_r1/signals-0/run/checkpoints/actor/iter_0000000', 'uuid': '280161052656559959806784643777922679981', 'planner': 'DefaultSavePlanner', 'func_name': 'save', 'event': 'start', 'time': 1791215204316739000, 'log_exceptions': True}
DEBUG    c10d-NullHandler-dcp_logger:logger.py:86 {'checkpoint_id': None, 'uuid': '33875094779209384811319639586592121347', 'func_name': '_stateful_to_state_dict', 'event': 'start', 'time': 1791215204316862000, 'log_exceptions': True}
DEBUG    c10d-NullHandler-dcp_logger:logger.py:86 {'checkpoint_id': None, 'uuid': '330448693263811687607176885897828139709', 'func_name': '_stateful_to_state_dict.model.weight', 'event': 'start', 'time': 1791215204316894000, 'log_exceptions': True}
DEBUG    c10d-NullHandler-dcp_logger:logger.py:104 {'checkpoint_id': None, 'uuid': '330448693263811687607176885897828139709', 'func_name': '_stateful_to_state_dict.model.weight', 'event': 'end', 'time': 1791215204316918000, 'log_exceptions': True, 'times_spent': 24000}
DEBUG    c10d-NullHandler-dcp_logger:logger.py:86 {'checkpoint_id': None, 'uuid': '257383272373781434073861310411252899579', 'func_name': '_stateful_to_state_dict.optimizer.state.exp_avg.model.weight', 'event': 'start', 'time': 1791215204316941000, 'log_exceptions': True}
DEBUG    c10d-NullHandler-dcp_logger:logger.py:104 {'checkpoint_id': None, 'uuid': '257383272373781434073861310411252899579', 'func_name': '_stateful_to_state_dict.optimizer.state.exp_avg.model.weight', 'event': 'end', 'time': 1791215204316955000, 'log_exceptions': True, 'times_spent': 14000}
DEBUG    c10d-NullHandler-dcp_logger:logger.py:86 {'checkpoint_id': None, 'uuid': '106620414635543066511269942949010478993', 'func_name': '_stateful_to_state_dict.optimizer.state.exp_avg_sq.model.weight', 'event': 'start', 'time': 1791215204316972000, 'log_exceptions': True}
DEBUG    c10d-NullHandler-dcp_logger:logger.py:104 {'checkpoint_id': None, 'uuid': '106620414635543066511269942949010478993', 'func_name': '_stateful_to_state_dict.optimizer.state.exp_avg_sq.model.weight', 'event': 'end', 'time': 1791215204316985000, 'log_exceptions': True, 'times_spent': 13000}
DEBUG    c10d-NullHandler-dcp_logger:logger.py:86 {'checkpoint_id': None, 'uuid': '290325104418884088118946094950650270639', 'func_name': '_stateful_to_state_dict.rng_state/shard_0.0_1.1', 'event': 'start', 'time': 1791215204317002000, 'log_exceptions': True}
DEBUG    c10d-NullHandler-dcp_logger:logger.py:104 {'checkpoint_id': None, 'uuid': '290325104418884088118946094950650270639', 'func_name': '_stateful_to_state_dict.rng_state/shard_0.0_1.1', 'event': 'end', 'time': 1791215204317016000, 'log_exceptions': True, 'times_spent': 14000}
DEBUG    c10d-NullHandler-dcp_logger:logger.py:104 {'checkpoint_id': None, 'uuid': '33875094779209384811319639586592121347', 'func_name': '_stateful_to_state_dict', 'event': 'end', 'time': 1791215204317026000, 'log_exceptions': True, 'times_spent': 164000}
DEBUG    c10d-NullHandler-dcp_logger:logger.py:86 {'checkpoint_id': '/private/var/folders/12/3pb2615n5wddcr6spjcz8_pw0000gn/T/pytest-of-0z5a/pytest-317/test_no_shared_useful_update_r1/signals-0/run/checkpoints/actor/iter_0000000', 'uuid': '52657596926272229458947280529585408227', 'func_name': 'local_step', 'event': 'start', 'time': 1791215204317051000, 'log_exceptions': False}
DEBUG    c10d-NullHandler-dcp_logger:logger.py:104 {'checkpoint_id': '/private/var/folders/12/3pb2615n5wddcr6spjcz8_pw0000gn/T/pytest-of-0z5a/pytest-317/test_no_shared_useful_update_r1/signals-0/run/checkpoints/actor/iter_0000000', 'uuid': '52657596926272229458947280529585408227', 'func_name': 'local_step', 'event': 'end', 'time': 1791215204317201000, 'log_exceptions': False, 'times_spent': 150000}
DEBUG    c10d-NullHandler-dcp_logger:logger.py:86 {'checkpoint_id': '/private/var/folders/12/3pb2615n5wddcr6spjcz8_pw0000gn/T/pytest-of-0z5a/pytest-317/test_no_shared_useful_update_r1/signals-0/run/checkpoints/actor/iter_0000000', 'uuid': '180457661975224317568317170366563962981', 'func_name': 'global_step', 'event': 'start', 'time': 1791215204317231000, 'log_exceptions': False}
DEBUG    c10d-NullHandler-dcp_logger:logger.py:104 {'checkpoint_id': '/private/var/folders/12/3pb2615n5wddcr6spjcz8_pw0000gn/T/pytest-of-0z5a/pytest-317/test_no_shared_useful_update_r1/signals-0/run/checkpoints/actor/iter_0000000', 'uuid': '180457661975224317568317170366563962981', 'func_name': 'global_step', 'event': 'end', 'time': 1791215204317280000, 'log_exceptions': False, 'times_spent': 49000}
DEBUG    c10d-NullHandler-dcp_logger:logger.py:86 {'checkpoint_id': '/private/var/folders/12/3pb2615n5wddcr6spjcz8_pw0000gn/T/pytest-of-0z5a/pytest-317/test_no_shared_useful_update_r1/signals-0/run/checkpoints/actor/iter_0000000', 'uuid': '157989250849849256082489644385029477930', 'func_name': 'write_data', 'event': 'start', 'time': 1791215204317305000, 'log_exceptions': False}
DEBUG    c10d-NullHandler-dcp_logger:logger.py:104 {'checkpoint_id': '/private/var/folders/12/3pb2615n5wddcr6spjcz8_pw0000gn/T/pytest-of-0z5a/pytest-317/test_no_shared_useful_update_r1/signals-0/run/checkpoints/actor/iter_0000000', 'uuid': '157989250849849256082489644385029477930', 'func_name': 'write_data', 'event': 'end', 'time': 1791215204317884000, 'log_exceptions': False, 'times_spent': 579000}
DEBUG    c10d-NullHandler-dcp_logger:logger.py:86 {'checkpoint_id': '/private/var/folders/12/3pb2615n5wddcr6spjcz8_pw0000gn/T/pytest-of-0z5a/pytest-317/test_no_shared_useful_update_r1/signals-0/run/checkpoints/actor/iter_0000000', 'uuid': '182480140424187941011281531897801285858', 'func_name': 'finish_checkpoint', 'event': 'start', 'time': 1791215204317914000, 'log_exceptions': False}
DEBUG    c10d-NullHandler-dcp_logger:logger.py:104 {'checkpoint_id': '/private/var/folders/12/3pb2615n5wddcr6spjcz8_pw0000gn/T/pytest-of-0z5a/pytest-317/test_no_shared_useful_update_r1/signals-0/run/checkpoints/actor/iter_0000000', 'uuid': '182480140424187941011281531897801285858', 'func_name': 'finish_checkpoint', 'event': 'end', 'time': 1791215204318124000, 'log_exceptions': False, 'times_spent': 209000}
DEBUG    c10d-NullHandler-dcp_logger:logger.py:104 {'checkpoint_id': '/private/var/folders/12/3pb2615n5wddcr6spjcz8_pw0000gn/T/pytest-of-0z5a/pytest-317/test_no_shared_useful_update_r1/signals-0/run/checkpoints/actor/iter_0000000', 'uuid': '280161052656559959806784643777922679981', 'planner': 'DefaultSavePlanner', 'func_name': 'save', 'event': 'end', 'time': 1791215204318144000, 'log_exceptions': True, 'times_spent': 1405000}
DEBUG    c10d-NullHandler-dcp_logger:logger.py:86 {'checkpoint_id': '/private/var/folders/12/3pb2615n5wddcr6spjcz8_pw0000gn/T/pytest-of-0z5a/pytest-317/test_no_shared_useful_update_r1/signals-0/run/checkpoints/actor/iter_0000001', 'uuid': '333021248464046796787026079914919186595', 'planner': 'DefaultSavePlanner', 'func_name': 'save', 'event': 'start', 'time': 1791215204318578000, 'log_exceptions': True}
DEBUG    c10d-NullHandler-dcp_logger:logger.py:86 {'checkpoint_id': None, 'uuid': '44338789773585408033949035396406512086', 'func_name': '_stateful_to_state_dict', 'event': 'start', 'time': 1791215204318615000, 'log_exceptions': True}
DEBUG    c10d-NullHandler-dcp_logger:logger.py:86 {'checkpoint_id': None, 'uuid': '295889339123513294525070938906273987837', 'func_name': '_stateful_to_state_dict.model.weight', 'event': 'start', 'time': 1791215204318637000, 'log_exceptions': True}
DEBUG    c10d-NullHandler-dcp_logger:logger.py:104 {'checkpoint_id': None, 'uuid': '295889339123513294525070938906273987837', 'func_name': '_stateful_to_state_dict.model.weight', 'event': 'end', 'time': 1791215204318654000, 'log_exceptions': True, 'times_spent': 17000}
DEBUG    c10d-NullHandler-dcp_logger:logger.py:86 {'checkpoint_id': None, 'uuid': '49256192569446055173245730696629544010', 'func_name': '_stateful_to_state_dict.optimizer.state.exp_avg.model.weight', 'event': 'start', 'time': 1791215204318670000, 'log_exceptions': True}
DEBUG    c10d-NullHandler-dcp_logger:logger.py:104 {'checkpoint_id': None, 'uuid': '49256192569446055173245730696629544010', 'func_name': '_stateful_to_state_dict.optimizer.state.exp_avg.model.weight', 'event': 'end', 'time': 1791215204318683000, 'log_exceptions': True, 'times_spent': 13000}
DEBUG    c10d-NullHandler-dcp_logger:logger.py:86 {'checkpoint_id': None, 'uuid': '190302734886415101226946282014720212423', 'func_name': '_stateful_to_state_dict.optimizer.state.exp_avg_sq.model.weight', 'event': 'start', 'time': 1791215204318700000, 'log_exceptions': True}
DEBUG    c10d-NullHandler-dcp_logger:logger.py:104 {'checkpoint_id': None, 'uuid': '190302734886415101226946282014720212423', 'func_name': '_stateful_to_state_dict.optimizer.state.exp_avg_sq.model.weight', 'event': 'end', 'time': 1791215204318712000, 'log_exceptions': True, 'times_spent': 12000}
DEBUG    c10d-NullHandler-dcp_logger:logger.py:86 {'checkpoint_id': None, 'uuid': '300221866788252629917643802840613722919', 'func_name': '_stateful_to_state_dict.rng_state/shard_0.0_1.1', 'event': 'start', 'time': 1791215204318727000, 'log_exceptions': True}
DEBUG    c10d-NullHandler-dcp_logger:logger.py:104 {'checkpoint_id': None, 'uuid': '300221866788252629917643802840613722919', 'func_name': '_stateful_to_state_dict.rng_state/shard_0.0_1.1', 'event': 'end', 'time': 1791215204318740000, 'log_exceptions': True, 'times_spent': 13000}
DEBUG    c10d-NullHandler-dcp_logger:logger.py:104 {'checkpoint_id': None, 'uuid': '44338789773585408033949035396406512086', 'func_name': '_stateful_to_state_dict', 'event': 'end', 'time': 1791215204318750000, 'log_exceptions': True, 'times_spent': 135000}
DEBUG    c10d-NullHandler-dcp_logger:logger.py:86 {'checkpoint_id': '/private/var/folders/12/3pb2615n5wddcr6spjcz8_pw0000gn/T/pytest-of-0z5a/pytest-317/test_no_shared_useful_update_r1/signals-0/run/checkpoints/actor/iter_0000001', 'uuid': '257998927681065809352442124121090613944', 'func_name': 'local_step', 'event': 'start', 'time': 1791215204318770000, 'log_exceptions': False}
DEBUG    c10d-NullHandler-dcp_logger:logger.py:104 {'checkpoint_id': '/private/var/folders/12/3pb2615n5wddcr6spjcz8_pw0000gn/T/pytest-of-0z5a/pytest-317/test_no_shared_useful_update_r1/signals-0/run/checkpoints/actor/iter_0000001', 'uuid': '257998927681065809352442124121090613944', 'func_name': 'local_step', 'event': 'end', 'time': 1791215204318889000, 'log_exceptions': False, 'times_spent': 119000}
DEBUG    c10d-NullHandler-dcp_logger:logger.py:86 {'checkpoint_id': '/private/var/folders/12/3pb2615n5wddcr6spjcz8_pw0000gn/T/pytest-of-0z5a/pytest-317/test_no_shared_useful_update_r1/signals-0/run/checkpoints/actor/iter_0000001', 'uuid': '111432290126107440544361340099157864676', 'func_name': 'global_step', 'event': 'start', 'time': 1791215204318914000, 'log_exceptions': False}
DEBUG    c10d-NullHandler-dcp_logger:logger.py:104 {'checkpoint_id': '/private/var/folders/12/3pb2615n5wddcr6spjcz8_pw0000gn/T/pytest-of-0z5a/pytest-317/test_no_shared_useful_update_r1/signals-0/run/checkpoints/actor/iter_0000001', 'uuid': '111432290126107440544361340099157864676', 'func_name': 'global_step', 'event': 'end', 'time': 1791215204318953000, 'log_exceptions': False, 'times_spent': 38000}
DEBUG    c10d-NullHandler-dcp_logger:logger.py:86 {'checkpoint_id': '/private/var/folders/12/3pb2615n5wddcr6spjcz8_pw0000gn/T/pytest-of-0z5a/pytest-317/test_no_shared_useful_update_r1/signals-0/run/checkpoints/actor/iter_0000001', 'uuid': '72704641590798776619662263877797921379', 'func_name': 'write_data', 'event': 'start', 'time': 1791215204318976000, 'log_exceptions': False}
DEBUG    c10d-NullHandler-dcp_logger:logger.py:104 {'checkpoint_id': '/private/var/folders/12/3pb2615n5wddcr6spjcz8_pw0000gn/T/pytest-of-0z5a/pytest-317/test_no_shared_useful_update_r1/signals-0/run/checkpoints/actor/iter_0000001', 'uuid': '72704641590798776619662263877797921379', 'func_name': 'write_data', 'event': 'end', 'time': 1791215204321088000, 'log_exceptions': False, 'times_spent': 2112000}
DEBUG    c10d-NullHandler-dcp_logger:logger.py:86 {'checkpoint_id': '/private/var/folders/12/3pb2615n5wddcr6spjcz8_pw0000gn/T/pytest-of-0z5a/pytest-317/test_no_shared_useful_update_r1/signals-0/run/checkpoints/actor/iter_0000001', 'uuid': '220244768153389497660474835798959317006', 'func_name': 'finish_checkpoint', 'event': 'start', 'time': 1791215204321137000, 'log_exceptions': False}
DEBUG    c10d-NullHandler-dcp_logger:logger.py:104 {'checkpoint_id': '/private/var/folders/12/3pb2615n5wddcr6spjcz8_pw0000gn/T/pytest-of-0z5a/pytest-317/test_no_shared_useful_update_r1/signals-0/run/checkpoints/actor/iter_0000001', 'uuid': '220244768153389497660474835798959317006', 'func_name': 'finish_checkpoint', 'event': 'end', 'time': 1791215204321359000, 'log_exceptions': False, 'times_spent': 222000}
DEBUG    c10d-NullHandler-dcp_logger:logger.py:104 {'checkpoint_id': '/private/var/folders/12/3pb2615n5wddcr6spjcz8_pw0000gn/T/pytest-of-0z5a/pytest-317/test_no_shared_useful_update_r1/signals-0/run/checkpoints/actor/iter_0000001', 'uuid': '333021248464046796787026079914919186595', 'planner': 'DefaultSavePlanner', 'func_name': 'save', 'event': 'end', 'time': 1791215204321380000, 'log_exceptions': True, 'times_spent': 2802000}
DEBUG    c10d-NullHandler-dcp_logger:logger.py:86 {'checkpoint_id': '/private/var/folders/12/3pb2615n5wddcr6spjcz8_pw0000gn/T/pytest-of-0z5a/pytest-317/test_no_shared_useful_update_r1/signals-0/run/checkpoints/actor/iter_0000002', 'uuid': '207104253999489189969145622877553014216', 'planner': 'DefaultSavePlanner', 'func_name': 'save', 'event': 'start', 'time': 1791215204321884000, 'log_exceptions': True}
DEBUG    c10d-NullHandler-dcp_logger:logger.py:86 {'checkpoint_id': None, 'uuid': '143442766785292444046091888891706401920', 'func_name': '_stateful_to_state_dict', 'event': 'start', 'time': 1791215204321934000, 'log_exceptions': True}
DEBUG    c10d-NullHandler-dcp_logger:logger.py:86 {'checkpoint_id': None, 'uuid': '207081893317913347001002139427970184061', 'func_name': '_stateful_to_state_dict.model.weight', 'event': 'start', 'time': 1791215204321962000, 'log_exceptions': True}
DEBUG    c10d-NullHandler-dcp_logger:logger.py:104 {'checkpoint_id': None, 'uuid': '207081893317913347001002139427970184061', 'func_name': '_stateful_to_state_dict.model.weight', 'event': 'end', 'time': 1791215204321992000, 'log_exceptions': True, 'times_spent': 29000}
DEBUG    c10d-NullHandler-dcp_logger:logger.py:86 {'checkpoint_id': None, 'uuid': '16846564737491319425786892547578451768', 'func_name': '_stateful_to_state_dict.optimizer.state.exp_avg.model.weight', 'event': 'start', 'time': 1791215204322039000, 'log_exceptions': True}
DEBUG    c10d-NullHandler-dcp_logger:logger.py:104 {'checkpoint_id': None, 'uuid': '16846564737491319425786892547578451768', 'func_name': '_stateful_to_state_dict.optimizer.state.exp_avg.model.weight', 'event': 'end', 'time': 1791215204322058000, 'log_exceptions': True, 'times_spent': 19000}
DEBUG    c10d-NullHandler-dcp_logger:logger.py:86 {'checkpoint_id': None, 'uuid': '248827696763169171486397343306685403760', 'func_name': '_stateful_to_state_dict.optimizer.state.exp_avg_sq.model.weight', 'event': 'start', 'time': 1791215204322091000, 'log_exceptions': True}
DEBUG    c10d-NullHandler-dcp_logger:logger.py:104 {'checkpoint_id': None, 'uuid': '248827696763169171486397343306685403760', 'func_name': '_stateful_to_state_dict.optimizer.state.exp_avg_sq.model.weight', 'event': 'end', 'time': 1791215204322120000, 'log_exceptions': True, 'times_spent': 29000}
DEBUG    c10d-NullHandler-dcp_logger:logger.py:86 {'checkpoint_id': None, 'uuid': '262271220779940197140666969440653199440', 'func_name': '_stateful_to_state_dict.rng_state/shard_0.0_1.1', 'event': 'start', 'time': 1791215204322142000, 'log_exceptions': True}
DEBUG    c10d-NullHandler-dcp_logger:logger.py:104 {'checkpoint_id': None, 'uuid': '262271220779940197140666969440653199440', 'func_name': '_stateful_to_state_dict.rng_state/shard_0.0_1.1', 'event': 'end', 'time': 1791215204322155000, 'log_exceptions': True, 'times_spent': 13000}
DEBUG    c10d-NullHandler-dcp_logger:logger.py:104 {'checkpoint_id': None, 'uuid': '143442766785292444046091888891706401920', 'func_name': '_stateful_to_state_dict', 'event': 'end', 'time': 1791215204322165000, 'log_exceptions': True, 'times_spent': 231000}
DEBUG    c10d-NullHandler-dcp_logger:logger.py:86 {'checkpoint_id': '/private/var/folders/12/3pb2615n5wddcr6spjcz8_pw0000gn/T/pytest-of-0z5a/pytest-317/test_no_shared_useful_update_r1/signals-0/run/checkpoints/actor/iter_0000002', 'uuid': '45636452752365874461651453903053782380', 'func_name': 'local_step', 'event': 'start', 'time': 1791215204322198000, 'log_exceptions': False}
DEBUG    c10d-NullHandler-dcp_logger:logger.py:104 {'checkpoint_id': '/private/var/folders/12/3pb2615n5wddcr6spjcz8_pw0000gn/T/pytest-of-0z5a/pytest-317/test_no_shared_useful_update_r1/signals-0/run/checkpoints/actor/iter_0000002', 'uuid': '45636452752365874461651453903053782380', 'func_name': 'local_step', 'event': 'end', 'time': 1791215204322377000, 'log_exceptions': False, 'times_spent': 179000}
DEBUG    c10d-NullHandler-dcp_logger:logger.py:86 {'checkpoint_id': '/private/var/folders/12/3pb2615n5wddcr6spjcz8_pw0000gn/T/pytest-of-0z5a/pytest-317/test_no_shared_useful_update_r1/signals-0/run/checkpoints/actor/iter_0000002', 'uuid': '197559761309411896360297431158396562962', 'func_name': 'global_step', 'event': 'start', 'time': 1791215204322405000, 'log_exceptions': False}
DEBUG    c10d-NullHandler-dcp_logger:logger.py:104 {'checkpoint_id': '/private/var/folders/12/3pb2615n5wddcr6spjcz8_pw0000gn/T/pytest-of-0z5a/pytest-317/test_no_shared_useful_update_r1/signals-0/run/checkpoints/actor/iter_0000002', 'uuid': '197559761309411896360297431158396562962', 'func_name': 'global_step', 'event': 'end', 'time': 1791215204322449000, 'log_exceptions': False, 'times_spent': 44000}
DEBUG    c10d-NullHandler-dcp_logger:logger.py:86 {'checkpoint_id': '/private/var/folders/12/3pb2615n5wddcr6spjcz8_pw0000gn/T/pytest-of-0z5a/pytest-317/test_no_shared_useful_update_r1/signals-0/run/checkpoints/actor/iter_0000002', 'uuid': '129765767037327790034379217888003322422', 'func_name': 'write_data', 'event': 'start', 'time': 1791215204322474000, 'log_exceptions': False}
DEBUG    c10d-NullHandler-dcp_logger:logger.py:104 {'checkpoint_id': '/private/var/folders/12/3pb2615n5wddcr6spjcz8_pw0000gn/T/pytest-of-0z5a/pytest-317/test_no_shared_useful_update_r1/signals-0/run/checkpoints/actor/iter_0000002', 'uuid': '129765767037327790034379217888003322422', 'func_name': 'write_data', 'event': 'end', 'time': 1791215204323202000, 'log_exceptions': False, 'times_spent': 728000}
DEBUG    c10d-NullHandler-dcp_logger:logger.py:86 {'checkpoint_id': '/private/var/folders/12/3pb2615n5wddcr6spjcz8_pw0000gn/T/pytest-of-0z5a/pytest-317/test_no_shared_useful_update_r1/signals-0/run/checkpoints/actor/iter_0000002', 'uuid': '296667747486016792834429132553748303491', 'func_name': 'finish_checkpoint', 'event': 'start', 'time': 1791215204323254000, 'log_exceptions': False}
DEBUG    c10d-NullHandler-dcp_logger:logger.py:104 {'checkpoint_id': '/private/var/folders/12/3pb2615n5wddcr6spjcz8_pw0000gn/T/pytest-of-0z5a/pytest-317/test_no_shared_useful_update_r1/signals-0/run/checkpoints/actor/iter_0000002', 'uuid': '296667747486016792834429132553748303491', 'func_name': 'finish_checkpoint', 'event': 'end', 'time': 1791215204323464000, 'log_exceptions': False, 'times_spent': 210000}
DEBUG    c10d-NullHandler-dcp_logger:logger.py:104 {'checkpoint_id': '/private/var/folders/12/3pb2615n5wddcr6spjcz8_pw0000gn/T/pytest-of-0z5a/pytest-317/test_no_shared_useful_update_r1/signals-0/run/checkpoints/actor/iter_0000002', 'uuid': '207104253999489189969145622877553014216', 'planner': 'DefaultSavePlanner', 'func_name': 'save', 'event': 'end', 'time': 1791215204323485000, 'log_exceptions': True, 'times_spent': 1601000}
_ ERROR at setup of test_failed_chain_cli_returns_one_and_writes_report[learning] _
tests/test_native_qualification_chain.py:83: in chain
    replace_digest(run, step, digest)
tests/test_native_qualification_chain.py:32: in replace_digest
    sample["recurrent_inputs"].publication_digest = digest
    ^^^^^^^^^^^^^^^^^^^^^^^^^^^^^^^^^^^^^^^^^^^^^
<string>:4: in __setattr__
    ???
E   dataclasses.FrozenInstanceError: cannot assign to field 'publication_digest'
------------------------------ Captured log setup ------------------------------
DEBUG    c10d-NullHandler-dcp_logger:logger.py:86 {'checkpoint_id': '/private/var/folders/12/3pb2615n5wddcr6spjcz8_pw0000gn/T/pytest-of-0z5a/pytest-317/test_failed_chain_cli_returns_0/signals-0/run/checkpoints/actor/iter_0000000', 'uuid': '189890649837142801076218582220183285170', 'planner': 'DefaultSavePlanner', 'func_name': 'save', 'event': 'start', 'time': 1791215204421677000, 'log_exceptions': True}
DEBUG    c10d-NullHandler-dcp_logger:logger.py:86 {'checkpoint_id': None, 'uuid': '74222260813650826040715936039450856580', 'func_name': '_stateful_to_state_dict', 'event': 'start', 'time': 1791215204421781000, 'log_exceptions': True}
DEBUG    c10d-NullHandler-dcp_logger:logger.py:86 {'checkpoint_id': None, 'uuid': '195616311074625434417508225033005959564', 'func_name': '_stateful_to_state_dict.model.weight', 'event': 'start', 'time': 1791215204421823000, 'log_exceptions': True}
DEBUG    c10d-NullHandler-dcp_logger:logger.py:104 {'checkpoint_id': None, 'uuid': '195616311074625434417508225033005959564', 'func_name': '_stateful_to_state_dict.model.weight', 'event': 'end', 'time': 1791215204421852000, 'log_exceptions': True, 'times_spent': 28000}
DEBUG    c10d-NullHandler-dcp_logger:logger.py:86 {'checkpoint_id': None, 'uuid': '78755848074199208788544303094293875165', 'func_name': '_stateful_to_state_dict.optimizer.state.exp_avg.model.weight', 'event': 'start', 'time': 1791215204421873000, 'log_exceptions': True}
DEBUG    c10d-NullHandler-dcp_logger:logger.py:104 {'checkpoint_id': None, 'uuid': '78755848074199208788544303094293875165', 'func_name': '_stateful_to_state_dict.optimizer.state.exp_avg.model.weight', 'event': 'end', 'time': 1791215204421889000, 'log_exceptions': True, 'times_spent': 16000}
DEBUG    c10d-NullHandler-dcp_logger:logger.py:86 {'checkpoint_id': None, 'uuid': '92248497159018621698057935802518748383', 'func_name': '_stateful_to_state_dict.optimizer.state.exp_avg_sq.model.weight', 'event': 'start', 'time': 1791215204421906000, 'log_exceptions': True}
DEBUG    c10d-NullHandler-dcp_logger:logger.py:104 {'checkpoint_id': None, 'uuid': '92248497159018621698057935802518748383', 'func_name': '_stateful_to_state_dict.optimizer.state.exp_avg_sq.model.weight', 'event': 'end', 'time': 1791215204421919000, 'log_exceptions': True, 'times_spent': 13000}
DEBUG    c10d-NullHandler-dcp_logger:logger.py:86 {'checkpoint_id': None, 'uuid': '287443246901545145601282481543703284058', 'func_name': '_stateful_to_state_dict.rng_state/shard_0.0_1.1', 'event': 'start', 'time': 1791215204421935000, 'log_exceptions': True}
DEBUG    c10d-NullHandler-dcp_logger:logger.py:104 {'checkpoint_id': None, 'uuid': '287443246901545145601282481543703284058', 'func_name': '_stateful_to_state_dict.rng_state/shard_0.0_1.1', 'event': 'end', 'time': 1791215204421949000, 'log_exceptions': True, 'times_spent': 14000}
DEBUG    c10d-NullHandler-dcp_logger:logger.py:104 {'checkpoint_id': None, 'uuid': '74222260813650826040715936039450856580', 'func_name': '_stateful_to_state_dict', 'event': 'end', 'time': 1791215204421960000, 'log_exceptions': True, 'times_spent': 178000}
DEBUG    c10d-NullHandler-dcp_logger:logger.py:86 {'checkpoint_id': '/private/var/folders/12/3pb2615n5wddcr6spjcz8_pw0000gn/T/pytest-of-0z5a/pytest-317/test_failed_chain_cli_returns_0/signals-0/run/checkpoints/actor/iter_0000000', 'uuid': '315786654872634406743815895992072818740', 'func_name': 'local_step', 'event': 'start', 'time': 1791215204421982000, 'log_exceptions': False}
DEBUG    c10d-NullHandler-dcp_logger:logger.py:104 {'checkpoint_id': '/private/var/folders/12/3pb2615n5wddcr6spjcz8_pw0000gn/T/pytest-of-0z5a/pytest-317/test_failed_chain_cli_returns_0/signals-0/run/checkpoints/actor/iter_0000000', 'uuid': '315786654872634406743815895992072818740', 'func_name': 'local_step', 'event': 'end', 'time': 1791215204422140000, 'log_exceptions': False, 'times_spent': 158000}
DEBUG    c10d-NullHandler-dcp_logger:logger.py:86 {'checkpoint_id': '/private/var/folders/12/3pb2615n5wddcr6spjcz8_pw0000gn/T/pytest-of-0z5a/pytest-317/test_failed_chain_cli_returns_0/signals-0/run/checkpoints/actor/iter_0000000', 'uuid': '186865841678592551731933465531221693738', 'func_name': 'global_step', 'event': 'start', 'time': 1791215204422197000, 'log_exceptions': False}
DEBUG    c10d-NullHandler-dcp_logger:logger.py:104 {'checkpoint_id': '/private/var/folders/12/3pb2615n5wddcr6spjcz8_pw0000gn/T/pytest-of-0z5a/pytest-317/test_failed_chain_cli_returns_0/signals-0/run/checkpoints/actor/iter_0000000', 'uuid': '186865841678592551731933465531221693738', 'func_name': 'global_step', 'event': 'end', 'time': 1791215204422253000, 'log_exceptions': False, 'times_spent': 56000}
DEBUG    c10d-NullHandler-dcp_logger:logger.py:86 {'checkpoint_id': '/private/var/folders/12/3pb2615n5wddcr6spjcz8_pw0000gn/T/pytest-of-0z5a/pytest-317/test_failed_chain_cli_returns_0/signals-0/run/checkpoints/actor/iter_0000000', 'uuid': '188712499567928736044769790929058235263', 'func_name': 'write_data', 'event': 'start', 'time': 1791215204422280000, 'log_exceptions': False}
DEBUG    c10d-NullHandler-dcp_logger:logger.py:104 {'checkpoint_id': '/private/var/folders/12/3pb2615n5wddcr6spjcz8_pw0000gn/T/pytest-of-0z5a/pytest-317/test_failed_chain_cli_returns_0/signals-0/run/checkpoints/actor/iter_0000000', 'uuid': '188712499567928736044769790929058235263', 'func_name': 'write_data', 'event': 'end', 'time': 1791215204422968000, 'log_exceptions': False, 'times_spent': 688000}
DEBUG    c10d-NullHandler-dcp_logger:logger.py:86 {'checkpoint_id': '/private/var/folders/12/3pb2615n5wddcr6spjcz8_pw0000gn/T/pytest-of-0z5a/pytest-317/test_failed_chain_cli_returns_0/signals-0/run/checkpoints/actor/iter_0000000', 'uuid': '133980932795429321929013831636039256907', 'func_name': 'finish_checkpoint', 'event': 'start', 'time': 1791215204422992000, 'log_exceptions': False}
DEBUG    c10d-NullHandler-dcp_logger:logger.py:104 {'checkpoint_id': '/private/var/folders/12/3pb2615n5wddcr6spjcz8_pw0000gn/T/pytest-of-0z5a/pytest-317/test_failed_chain_cli_returns_0/signals-0/run/checkpoints/actor/iter_0000000', 'uuid': '133980932795429321929013831636039256907', 'func_name': 'finish_checkpoint', 'event': 'end', 'time': 1791215204423208000, 'log_exceptions': False, 'times_spent': 216000}
DEBUG    c10d-NullHandler-dcp_logger:logger.py:104 {'checkpoint_id': '/private/var/folders/12/3pb2615n5wddcr6spjcz8_pw0000gn/T/pytest-of-0z5a/pytest-317/test_failed_chain_cli_returns_0/signals-0/run/checkpoints/actor/iter_0000000', 'uuid': '189890649837142801076218582220183285170', 'planner': 'DefaultSavePlanner', 'func_name': 'save', 'event': 'end', 'time': 1791215204423229000, 'log_exceptions': True, 'times_spent': 1552000}
DEBUG    c10d-NullHandler-dcp_logger:logger.py:86 {'checkpoint_id': '/private/var/folders/12/3pb2615n5wddcr6spjcz8_pw0000gn/T/pytest-of-0z5a/pytest-317/test_failed_chain_cli_returns_0/signals-0/run/checkpoints/actor/iter_0000001', 'uuid': '271365558959666015443567550674052904863', 'planner': 'DefaultSavePlanner', 'func_name': 'save', 'event': 'start', 'time': 1791215204423729000, 'log_exceptions': True}
DEBUG    c10d-NullHandler-dcp_logger:logger.py:86 {'checkpoint_id': None, 'uuid': '64004347272552004107485367750809363561', 'func_name': '_stateful_to_state_dict', 'event': 'start', 'time': 1791215204423767000, 'log_exceptions': True}
DEBUG    c10d-NullHandler-dcp_logger:logger.py:86 {'checkpoint_id': None, 'uuid': '262858425394122145115083770485391106652', 'func_name': '_stateful_to_state_dict.model.weight', 'event': 'start', 'time': 1791215204423788000, 'log_exceptions': True}
DEBUG    c10d-NullHandler-dcp_logger:logger.py:104 {'checkpoint_id': None, 'uuid': '262858425394122145115083770485391106652', 'func_name': '_stateful_to_state_dict.model.weight', 'event': 'end', 'time': 1791215204423805000, 'log_exceptions': True, 'times_spent': 17000}
DEBUG    c10d-NullHandler-dcp_logger:logger.py:86 {'checkpoint_id': None, 'uuid': '184999855717271370813576056584008746597', 'func_name': '_stateful_to_state_dict.optimizer.state.exp_avg.model.weight', 'event': 'start', 'time': 1791215204423821000, 'log_exceptions': True}
DEBUG    c10d-NullHandler-dcp_logger:logger.py:104 {'checkpoint_id': None, 'uuid': '184999855717271370813576056584008746597', 'func_name': '_stateful_to_state_dict.optimizer.state.exp_avg.model.weight', 'event': 'end', 'time': 1791215204423833000, 'log_exceptions': True, 'times_spent': 12000}
DEBUG    c10d-NullHandler-dcp_logger:logger.py:86 {'checkpoint_id': None, 'uuid': '74387155086833865006309420165502847023', 'func_name': '_stateful_to_state_dict.optimizer.state.exp_avg_sq.model.weight', 'event': 'start', 'time': 1791215204423848000, 'log_exceptions': True}
DEBUG    c10d-NullHandler-dcp_logger:logger.py:104 {'checkpoint_id': None, 'uuid': '74387155086833865006309420165502847023', 'func_name': '_stateful_to_state_dict.optimizer.state.exp_avg_sq.model.weight', 'event': 'end', 'time': 1791215204423859000, 'log_exceptions': True, 'times_spent': 11000}
DEBUG    c10d-NullHandler-dcp_logger:logger.py:86 {'checkpoint_id': None, 'uuid': '109431884321420060660414990466127281109', 'func_name': '_stateful_to_state_dict.rng_state/shard_0.0_1.1', 'event': 'start', 'time': 1791215204423873000, 'log_exceptions': True}
DEBUG    c10d-NullHandler-dcp_logger:logger.py:104 {'checkpoint_id': None, 'uuid': '109431884321420060660414990466127281109', 'func_name': '_stateful_to_state_dict.rng_state/shard_0.0_1.1', 'event': 'end', 'time': 1791215204423885000, 'log_exceptions': True, 'times_spent': 12000}
DEBUG    c10d-NullHandler-dcp_logger:logger.py:104 {'checkpoint_id': None, 'uuid': '64004347272552004107485367750809363561', 'func_name': '_stateful_to_state_dict', 'event': 'end', 'time': 1791215204423895000, 'log_exceptions': True, 'times_spent': 128000}
DEBUG    c10d-NullHandler-dcp_logger:logger.py:86 {'checkpoint_id': '/private/var/folders/12/3pb2615n5wddcr6spjcz8_pw0000gn/T/pytest-of-0z5a/pytest-317/test_failed_chain_cli_returns_0/signals-0/run/checkpoints/actor/iter_0000001', 'uuid': '243187222389013175456877913836246041159', 'func_name': 'local_step', 'event': 'start', 'time': 1791215204423914000, 'log_exceptions': False}
DEBUG    c10d-NullHandler-dcp_logger:logger.py:104 {'checkpoint_id': '/private/var/folders/12/3pb2615n5wddcr6spjcz8_pw0000gn/T/pytest-of-0z5a/pytest-317/test_failed_chain_cli_returns_0/signals-0/run/checkpoints/actor/iter_0000001', 'uuid': '243187222389013175456877913836246041159', 'func_name': 'local_step', 'event': 'end', 'time': 1791215204424035000, 'log_exceptions': False, 'times_spent': 121000}
DEBUG    c10d-NullHandler-dcp_logger:logger.py:86 {'checkpoint_id': '/private/var/folders/12/3pb2615n5wddcr6spjcz8_pw0000gn/T/pytest-of-0z5a/pytest-317/test_failed_chain_cli_returns_0/signals-0/run/checkpoints/actor/iter_0000001', 'uuid': '252266988420153717439418491000683247442', 'func_name': 'global_step', 'event': 'start', 'time': 1791215204424059000, 'log_exceptions': False}
DEBUG    c10d-NullHandler-dcp_logger:logger.py:104 {'checkpoint_id': '/private/var/folders/12/3pb2615n5wddcr6spjcz8_pw0000gn/T/pytest-of-0z5a/pytest-317/test_failed_chain_cli_returns_0/signals-0/run/checkpoints/actor/iter_0000001', 'uuid': '252266988420153717439418491000683247442', 'func_name': 'global_step', 'event': 'end', 'time': 1791215204424100000, 'log_exceptions': False, 'times_spent': 41000}
DEBUG    c10d-NullHandler-dcp_logger:logger.py:86 {'checkpoint_id': '/private/var/folders/12/3pb2615n5wddcr6spjcz8_pw0000gn/T/pytest-of-0z5a/pytest-317/test_failed_chain_cli_returns_0/signals-0/run/checkpoints/actor/iter_0000001', 'uuid': '319591594573369047940578246350259724292', 'func_name': 'write_data', 'event': 'start', 'time': 1791215204424123000, 'log_exceptions': False}
DEBUG    c10d-NullHandler-dcp_logger:logger.py:104 {'checkpoint_id': '/private/var/folders/12/3pb2615n5wddcr6spjcz8_pw0000gn/T/pytest-of-0z5a/pytest-317/test_failed_chain_cli_returns_0/signals-0/run/checkpoints/actor/iter_0000001', 'uuid': '319591594573369047940578246350259724292', 'func_name': 'write_data', 'event': 'end', 'time': 1791215204424709000, 'log_exceptions': False, 'times_spent': 586000}
DEBUG    c10d-NullHandler-dcp_logger:logger.py:86 {'checkpoint_id': '/private/var/folders/12/3pb2615n5wddcr6spjcz8_pw0000gn/T/pytest-of-0z5a/pytest-317/test_failed_chain_cli_returns_0/signals-0/run/checkpoints/actor/iter_0000001', 'uuid': '152829279313099380049564354177235279752', 'func_name': 'finish_checkpoint', 'event': 'start', 'time': 1791215204424745000, 'log_exceptions': False}
DEBUG    c10d-NullHandler-dcp_logger:logger.py:104 {'checkpoint_id': '/private/var/folders/12/3pb2615n5wddcr6spjcz8_pw0000gn/T/pytest-of-0z5a/pytest-317/test_failed_chain_cli_returns_0/signals-0/run/checkpoints/actor/iter_0000001', 'uuid': '152829279313099380049564354177235279752', 'func_name': 'finish_checkpoint', 'event': 'end', 'time': 1791215204424962000, 'log_exceptions': False, 'times_spent': 217000}
DEBUG    c10d-NullHandler-dcp_logger:logger.py:104 {'checkpoint_id': '/private/var/folders/12/3pb2615n5wddcr6spjcz8_pw0000gn/T/pytest-of-0z5a/pytest-317/test_failed_chain_cli_returns_0/signals-0/run/checkpoints/actor/iter_0000001', 'uuid': '271365558959666015443567550674052904863', 'planner': 'DefaultSavePlanner', 'func_name': 'save', 'event': 'end', 'time': 1791215204424984000, 'log_exceptions': True, 'times_spent': 1255000}
DEBUG    c10d-NullHandler-dcp_logger:logger.py:86 {'checkpoint_id': '/private/var/folders/12/3pb2615n5wddcr6spjcz8_pw0000gn/T/pytest-of-0z5a/pytest-317/test_failed_chain_cli_returns_0/signals-0/run/checkpoints/actor/iter_0000002', 'uuid': '100105247996431916228669221197524833244', 'planner': 'DefaultSavePlanner', 'func_name': 'save', 'event': 'start', 'time': 1791215204425481000, 'log_exceptions': True}
DEBUG    c10d-NullHandler-dcp_logger:logger.py:86 {'checkpoint_id': None, 'uuid': '1470409692067490811560569913155794840', 'func_name': '_stateful_to_state_dict', 'event': 'start', 'time': 1791215204425516000, 'log_exceptions': True}
DEBUG    c10d-NullHandler-dcp_logger:logger.py:86 {'checkpoint_id': None, 'uuid': '274106852027187788703097522791646272571', 'func_name': '_stateful_to_state_dict.model.weight', 'event': 'start', 'time': 1791215204425558000, 'log_exceptions': True}
DEBUG    c10d-NullHandler-dcp_logger:logger.py:104 {'checkpoint_id': None, 'uuid': '274106852027187788703097522791646272571', 'func_name': '_stateful_to_state_dict.model.weight', 'event': 'end', 'time': 1791215204425578000, 'log_exceptions': True, 'times_spent': 20000}
DEBUG    c10d-NullHandler-dcp_logger:logger.py:86 {'checkpoint_id': None, 'uuid': '189437501389915463976347014296557950842', 'func_name': '_stateful_to_state_dict.optimizer.state.exp_avg.model.weight', 'event': 'start', 'time': 1791215204425596000, 'log_exceptions': True}
DEBUG    c10d-NullHandler-dcp_logger:logger.py:104 {'checkpoint_id': None, 'uuid': '189437501389915463976347014296557950842', 'func_name': '_stateful_to_state_dict.optimizer.state.exp_avg.model.weight', 'event': 'end', 'time': 1791215204425621000, 'log_exceptions': True, 'times_spent': 25000}
DEBUG    c10d-NullHandler-dcp_logger:logger.py:86 {'checkpoint_id': None, 'uuid': '129333256562338781967705046732868201163', 'func_name': '_stateful_to_state_dict.optimizer.state.exp_avg_sq.model.weight', 'event': 'start', 'time': 1791215204425647000, 'log_exceptions': True}
DEBUG    c10d-NullHandler-dcp_logger:logger.py:104 {'checkpoint_id': None, 'uuid': '129333256562338781967705046732868201163', 'func_name': '_stateful_to_state_dict.optimizer.state.exp_avg_sq.model.weight', 'event': 'end', 'time': 1791215204425662000, 'log_exceptions': True, 'times_spent': 15000}
DEBUG    c10d-NullHandler-dcp_logger:logger.py:86 {'checkpoint_id': None, 'uuid': '36787394887769447354599664806260895882', 'func_name': '_stateful_to_state_dict.rng_state/shard_0.0_1.1', 'event': 'start', 'time': 1791215204425678000, 'log_exceptions': True}
DEBUG    c10d-NullHandler-dcp_logger:logger.py:104 {'checkpoint_id': None, 'uuid': '36787394887769447354599664806260895882', 'func_name': '_stateful_to_state_dict.rng_state/shard_0.0_1.1', 'event': 'end', 'time': 1791215204425691000, 'log_exceptions': True, 'times_spent': 13000}
DEBUG    c10d-NullHandler-dcp_logger:logger.py:104 {'checkpoint_id': None, 'uuid': '1470409692067490811560569913155794840', 'func_name': '_stateful_to_state_dict', 'event': 'end', 'time': 1791215204425717000, 'log_exceptions': True, 'times_spent': 201000}
DEBUG    c10d-NullHandler-dcp_logger:logger.py:86 {'checkpoint_id': '/private/var/folders/12/3pb2615n5wddcr6spjcz8_pw0000gn/T/pytest-of-0z5a/pytest-317/test_failed_chain_cli_returns_0/signals-0/run/checkpoints/actor/iter_0000002', 'uuid': '242741545265609412919195123732223979279', 'func_name': 'local_step', 'event': 'start', 'time': 1791215204425752000, 'log_exceptions': False}
DEBUG    c10d-NullHandler-dcp_logger:logger.py:104 {'checkpoint_id': '/private/var/folders/12/3pb2615n5wddcr6spjcz8_pw0000gn/T/pytest-of-0z5a/pytest-317/test_failed_chain_cli_returns_0/signals-0/run/checkpoints/actor/iter_0000002', 'uuid': '242741545265609412919195123732223979279', 'func_name': 'local_step', 'event': 'end', 'time': 1791215204425891000, 'log_exceptions': False, 'times_spent': 139000}
DEBUG    c10d-NullHandler-dcp_logger:logger.py:86 {'checkpoint_id': '/private/var/folders/12/3pb2615n5wddcr6spjcz8_pw0000gn/T/pytest-of-0z5a/pytest-317/test_failed_chain_cli_returns_0/signals-0/run/checkpoints/actor/iter_0000002', 'uuid': '160218620903688376831514948200061171904', 'func_name': 'global_step', 'event': 'start', 'time': 1791215204425926000, 'log_exceptions': False}
DEBUG    c10d-NullHandler-dcp_logger:logger.py:104 {'checkpoint_id': '/private/var/folders/12/3pb2615n5wddcr6spjcz8_pw0000gn/T/pytest-of-0z5a/pytest-317/test_failed_chain_cli_returns_0/signals-0/run/checkpoints/actor/iter_0000002', 'uuid': '160218620903688376831514948200061171904', 'func_name': 'global_step', 'event': 'end', 'time': 1791215204425969000, 'log_exceptions': False, 'times_spent': 42000}
DEBUG    c10d-NullHandler-dcp_logger:logger.py:86 {'checkpoint_id': '/private/var/folders/12/3pb2615n5wddcr6spjcz8_pw0000gn/T/pytest-of-0z5a/pytest-317/test_failed_chain_cli_returns_0/signals-0/run/checkpoints/actor/iter_0000002', 'uuid': '312905342528539532025362504308828189423', 'func_name': 'write_data', 'event': 'start', 'time': 1791215204425997000, 'log_exceptions': False}
DEBUG    c10d-NullHandler-dcp_logger:logger.py:104 {'checkpoint_id': '/private/var/folders/12/3pb2615n5wddcr6spjcz8_pw0000gn/T/pytest-of-0z5a/pytest-317/test_failed_chain_cli_returns_0/signals-0/run/checkpoints/actor/iter_0000002', 'uuid': '312905342528539532025362504308828189423', 'func_name': 'write_data', 'event': 'end', 'time': 1791215204426650000, 'log_exceptions': False, 'times_spent': 653000}
DEBUG    c10d-NullHandler-dcp_logger:logger.py:86 {'checkpoint_id': '/private/var/folders/12/3pb2615n5wddcr6spjcz8_pw0000gn/T/pytest-of-0z5a/pytest-317/test_failed_chain_cli_returns_0/signals-0/run/checkpoints/actor/iter_0000002', 'uuid': '41172920836525285677296620718040220400', 'func_name': 'finish_checkpoint', 'event': 'start', 'time': 1791215204426680000, 'log_exceptions': False}
DEBUG    c10d-NullHandler-dcp_logger:logger.py:104 {'checkpoint_id': '/private/var/folders/12/3pb2615n5wddcr6spjcz8_pw0000gn/T/pytest-of-0z5a/pytest-317/test_failed_chain_cli_returns_0/signals-0/run/checkpoints/actor/iter_0000002', 'uuid': '41172920836525285677296620718040220400', 'func_name': 'finish_checkpoint', 'event': 'end', 'time': 1791215204426880000, 'log_exceptions': False, 'times_spent': 200000}
DEBUG    c10d-NullHandler-dcp_logger:logger.py:104 {'checkpoint_id': '/private/var/folders/12/3pb2615n5wddcr6spjcz8_pw0000gn/T/pytest-of-0z5a/pytest-317/test_failed_chain_cli_returns_0/signals-0/run/checkpoints/actor/iter_0000002', 'uuid': '100105247996431916228669221197524833244', 'planner': 'DefaultSavePlanner', 'func_name': 'save', 'event': 'end', 'time': 1791215204426923000, 'log_exceptions': True, 'times_spent': 1442000}
=============================== warnings summary ===============================
tests/test_native_qualification_chain.py: 13 warnings
tests/test_native_checkpoint_audit.py: 16 warnings
  /Users/0z5a/Documents/infra/looped-grpo-integration-20261003/.venv/lib/python3.12/site-packages/torch/distributed/checkpoint/utils.py:485: UserWarning: torch.distributed is disabled, unavailable or uninitialized, assuming the intent is to save in a single process.
    return func(*args, **kwargs)

tests/test_native_checkpoint_audit.py::test_rejects_corrupted_state_even_with_reusable_fingerprints[model]
  /Users/0z5a/Documents/infra/looped-grpo-integration-20261003/.venv/lib/python3.12/site-packages/torch/distributed/checkpoint/state_dict_saver.py:472: UserWarning: Detected an existing checkpoint in /private/var/folders/12/3pb2615n5wddcr6spjcz8_pw0000gn/T/pytest-of-0z5a/pytest-317/test_rejects_corrupted_state_e0/right/iter_0000002, overwriting since self.overwrite=True. Past version 2.5 of PyTorch, `overwrite` will default to False. Set this variable to True to maintain this functionality or False to raise when an existing checkpoint is found.
    local_plan = storage_writer.prepare_local_plan(local_plan)

tests/test_native_checkpoint_audit.py::test_rejects_corrupted_state_even_with_reusable_fingerprints[moment]
  /Users/0z5a/Documents/infra/looped-grpo-integration-20261003/.venv/lib/python3.12/site-packages/torch/distributed/checkpoint/state_dict_saver.py:472: UserWarning: Detected an existing checkpoint in /private/var/folders/12/3pb2615n5wddcr6spjcz8_pw0000gn/T/pytest-of-0z5a/pytest-317/test_rejects_corrupted_state_e1/right/iter_0000002, overwriting since self.overwrite=True. Past version 2.5 of PyTorch, `overwrite` will default to False. Set this variable to True to maintain this functionality or False to raise when an existing checkpoint is found.
    local_plan = storage_writer.prepare_local_plan(local_plan)

tests/test_native_checkpoint_audit.py::test_rejects_corrupted_state_even_with_reusable_fingerprints[rng]
  /Users/0z5a/Documents/infra/looped-grpo-integration-20261003/.venv/lib/python3.12/site-packages/torch/distributed/checkpoint/state_dict_saver.py:472: UserWarning: Detected an existing checkpoint in /private/var/folders/12/3pb2615n5wddcr6spjcz8_pw0000gn/T/pytest-of-0z5a/pytest-317/test_rejects_corrupted_state_e2/right/iter_0000002, overwriting since self.overwrite=True. Past version 2.5 of PyTorch, `overwrite` will default to False. Set this variable to True to maintain this functionality or False to raise when an existing checkpoint is found.
    local_plan = storage_writer.prepare_local_plan(local_plan)

-- Docs: https://docs.pytest.org/en/stable/how-to/capture-warnings.html
- generated xml file: /Users/0z5a/Documents/infra/flashrlt-20261005/evidence/native-chain-first.xml -
============================== slowest durations ===============================
0.33s setup    tests/test_native_qualification_chain.py::test_complete_cli_reopens_all_evidence[learning-grpo]
0.14s call     tests/test_native_checkpoint_audit.py::test_combined_cli_reads_actual_state_and_both_raw_signal_runs[None]
0.13s setup    tests/test_native_qualification_chain.py::test_complete_cli_reopens_all_evidence[learning-rltt]
0.12s setup    tests/test_native_qualification_chain.py::test_rejects_unbound_model_and_publications[learning-publication_bytes]
0.12s setup    tests/test_native_qualification_chain.py::test_no_shared_useful_update_retains_failed_report[decay]
0.11s call     tests/test_native_checkpoint_audit.py::test_combined_cli_reads_actual_state_and_both_raw_signal_runs[optimizer_mode]
0.11s setup    tests/test_native_qualification_chain.py::test_rejects_unbound_model_and_publications[learning-tokenizer_bytes]
0.11s setup    tests/test_native_qualification_chain.py::test_rejects_unbound_model_and_publications[learning-rehashed_wrong_update]
0.11s setup    tests/test_native_qualification_chain.py::test_rejects_unbound_model_and_publications[learning-model_revision]
0.10s setup    tests/test_native_qualification_chain.py::test_rejects_unbound_model_and_publications[learning-model_bytes]
0.10s setup    tests/test_native_qualification_chain.py::test_failed_chain_cli_returns_one_and_writes_report[learning]
0.10s setup    tests/test_native_qualification_chain.py::test_no_shared_useful_update_retains_failed_report[momentum]
0.10s setup    tests/test_native_qualification_chain.py::test_rejects_unbound_model_and_publications[learning-duplicate_tensor]
0.09s setup    tests/test_native_qualification_chain.py::test_rejects_unbound_model_and_publications[learning-missing_tensor]
0.08s setup    tests/test_native_qualification_chain.py::test_rejects_unbound_model_and_publications[learning-missing_version]
0.07s call     tests/test_native_checkpoint_audit.py::test_combined_cli_reads_actual_state_and_both_raw_signal_runs[counters]
0.04s call     tests/test_native_checkpoint_audit.py::test_rejects_corrupted_state_even_with_reusable_fingerprints[iteration]
0.03s call     tests/test_native_checkpoint_audit.py::test_rejects_corrupted_state_even_with_reusable_fingerprints[optimizer_step]
0.03s call     tests/test_native_checkpoint_audit.py::test_actual_adamw_distinguishes_new_signal_from_decay_and_old_momentum[1e-06-learning-expected0]
0.03s call     tests/test_native_checkpoint_audit.py::test_rejects_corrupted_state_even_with_reusable_fingerprints[rng]
0.02s call     tests/test_native_checkpoint_audit.py::test_rejects_corrupted_state_even_with_reusable_fingerprints[scheduler]
0.02s call     tests/test_native_checkpoint_audit.py::test_rejects_corrupted_state_even_with_reusable_fingerprints[moment]
0.02s call     tests/test_native_checkpoint_audit.py::test_actual_adamw_distinguishes_new_signal_from_decay_and_old_momentum[0.001-learning-expected0]
0.02s call     tests/test_native_checkpoint_audit.py::test_rejects_corrupted_state_even_with_reusable_fingerprints[model]
0.02s call     tests/test_native_checkpoint_audit.py::test_actual_adamw_distinguishes_new_signal_from_decay_and_old_momentum[0.001-momentum-expected2]
0.02s call     tests/test_native_checkpoint_audit.py::test_missing_adam_and_rng_do_not_qualify
0.02s call     tests/test_native_checkpoint_audit.py::test_actual_adamw_distinguishes_new_signal_from_decay_and_old_momentum[1e-06-momentum-expected2]
0.01s call     tests/test_native_checkpoint_audit.py::test_actual_adamw_distinguishes_new_signal_from_decay_and_old_momentum[1e-06-decay-expected1]
0.01s call     tests/test_native_checkpoint_audit.py::test_actual_adamw_distinguishes_new_signal_from_decay_and_old_momentum[0.001-decay-expected1]

(54 durations < 0.005s hidden.  Use -vv to show these durations.)
=========================== short test summary info ============================
ERROR tests/test_native_qualification_chain.py::test_complete_cli_reopens_all_evidence[learning-grpo]
ERROR tests/test_native_qualification_chain.py::test_complete_cli_reopens_all_evidence[learning-rltt]
ERROR tests/test_native_qualification_chain.py::test_rejects_unbound_model_and_publications[learning-model_revision]
ERROR tests/test_native_qualification_chain.py::test_rejects_unbound_model_and_publications[learning-model_bytes]
ERROR tests/test_native_qualification_chain.py::test_rejects_unbound_model_and_publications[learning-tokenizer_bytes]
ERROR tests/test_native_qualification_chain.py::test_rejects_unbound_model_and_publications[learning-publication_bytes]
ERROR tests/test_native_qualification_chain.py::test_rejects_unbound_model_and_publications[learning-rehashed_wrong_update]
ERROR tests/test_native_qualification_chain.py::test_rejects_unbound_model_and_publications[learning-missing_tensor]
ERROR tests/test_native_qualification_chain.py::test_rejects_unbound_model_and_publications[learning-duplicate_tensor]
ERROR tests/test_native_qualification_chain.py::test_rejects_unbound_model_and_publications[learning-missing_version]
ERROR tests/test_native_qualification_chain.py::test_no_shared_useful_update_retains_failed_report[decay]
ERROR tests/test_native_qualification_chain.py::test_no_shared_useful_update_retains_failed_report[momentum]
ERROR tests/test_native_qualification_chain.py::test_failed_chain_cli_returns_one_and_writes_report[learning]
================== 19 passed, 32 warnings, 13 errors in 6.77s ==================
